,asin,price_weighted_normalized,leak_weighted_normalized,absorb_weighted_normalized,comfort_weighted_normalized,material_weighted_normalized,package_weighted_normalized,size_weighted_normalized
0,B00028O5RY,0.16963913243511006,0.11037149753757988,0.3003282036291663,0.1735994324270303,0.39249618291796945,0.12813301526314302,0.054343006446838364
1,B000E3DXCA,0.1673177846562936,0.03439665603715885,0.010872273015292942,0.059157449467552005,0.3543356740174836,0.07969361582927569,0.011166536429084419
2,B000FAG6X0,0.0,0.12553051143430488,0.02692365803316922,0.09176723431400848,0.3543356740174836,0.1467348786278311,0.006267666092488842
3,B000W6KKLQ,0.0,0.070897305368159,0.02692365803316922,0.09568265106124131,0.3543356740174836,0.07969361582927569,0.0
4,B000W6KKMK,0.04941671635703231,0.070897305368159,0.0648494167178339,0.0983780545808149,0.3543356740174836,0.07969361582927569,0.0
5,B000X29GY6,0.2220814409556406,0.7879192816946555,0.137709947436997,0.5703101627265265,0.4042931377380799,0.23822855218032707,0.12449959368211197
6,B000ZNAFC0,0.0,0.070897305368159,0.02692365803316922,0.059157449467552005,0.3543356740174836,0.2668149390000957,0.13995129846446347
7,B0012ZNZF4,0.0,0.070897305368159,0.02692365803316922,0.10091971880312524,0.3543356740174836,0.07969361582927569,0.0
8,B0013CA9KK,0.30886125757776606,0.09335683545325267,0.20470455464270484,0.1740640885241858,0.3977598481733202,0.07969361582927569,0.04122586838404235
9,B0013CFQVC,0.03406530975570555,0.10062291829804873,0.02692365803316922,0.072675770397018,0.3543356740174836,0.12832930272558285,0.0
10,B001DX5ZPS,0.12712076354665738,0.06165343763380138,0.02692365803316922,0.09699196405319997,0.3543356740174836,0.12506679530578996,0.025451543718787495
11,B001E12YNA,0.08410029168834217,0.14428377200963055,0.36578123327951434,0.15093587564388553,0.44892793829748556,0.31983676930564986,0.04490181233339317
12,B001INZGXY,0.04773298115848594,0.19585364353877177,0.19177461256374964,0.18228133879990116,0.5153994709903212,0.28414145525007717,0.012742508492326833
13,B001NZHAZY,0.0406238665945675,0.070897305368159,0.1204562361696156,0.059157449467552005,0.4457195074821549,0.07969361582927569,0.010844702185134758
14,B002LM5UXW,0.0918566282444227,0.1243337699283393,0.37940886680495467,0.241417259962711,0.5609681667314361,0.4731299511525999,0.09808596379888812
15,B002LME6NM,0.17274839978028192,0.14626799923461423,0.20921965184939623,0.2391082367405882,0.45148552901750477,0.5729659297347549,0.023057934972963413
16,B002WN6DBI,0.06088352320182768,0.08860642604922928,0.02692365803316922,0.1376798462562205,0.42281475062219925,0.07969361582927569,0.01625309780812096
17,B003ART1KU,0.045377437108915876,0.0972950717160613,0.18363948930963842,0.09517219656329755,0.5074512377278554,0.33883851593005465,0.0
18,B004DGFFA2,0.0,0.070897305368159,0.048701602269810934,0.0816789277637623,0.3543356740174836,0.07969361582927569,0.007575178322562096
19,B004JBRQ80,0.0,0.070897305368159,0.09085879842792674,0.059157449467552005,0.41680201824517715,0.23827809420242327,0.05930404747183996
20,B004JBVCHG,0.14437964552211713,0.11289284754408493,0.2900897786690111,0.2167185752603375,0.43553157305486023,0.07969361582927569,0.03854271856761338
21,B004NAGK52,0.2047617595830351,0.11060318440436007,0.21026315520455094,0.12009998602401208,0.3543356740174836,0.3233121459124943,0.01822065440613942
22,B004QJL83O,0.31764205976241117,0.16328948758581704,0.25329096987695804,0.1491943172069159,0.3543356740174836,0.2092660658796652,0.09690949338371108
23,B0052ED6T6,0.0,0.070897305368159,0.07368994710139241,0.1800648630415319,0.3543356740174836,0.07969361582927569,0.0
24,B0052ED72C,0.0,0.070897305368159,0.02692365803316922,0.059157449467552005,0.3543356740174836,0.07969361582927569,0.0
25,B0052EFBO4,0.06964279883951634,0.070897305368159,0.10709660893795774,0.08679417761974915,0.3543356740174836,0.07969361582927569,0.0
26,B0054SD2BW,0.0,0.11622086409856149,0.02692365803316922,0.08492220047656317,0.3543356740174836,0.07969361582927569,0.013865703184325206
27,B0069S90XK,0.032594161035172216,0.08985855796704853,0.02692365803316922,0.07855922501839761,0.3543356740174836,0.07969361582927569,0.017402280926554402
28,B006DURH0W,0.0,0.070897305368159,0.02692365803316922,0.059157449467552005,0.3543356740174836,0.5103251403557634,0.0
29,B007Q3KYVO,0.27476566267486535,0.17079827248189708,0.15871985203448297,0.34537889856246434,0.3543356740174836,0.07969361582927569,0.0
30,B0084BUPO8,0.0,0.10818561567313185,0.02692365803316922,0.059157449467552005,0.3543356740174836,0.07969361582927569,0.0
31,B008ISZH3G,0.0,0.070897305368159,0.07980617708292954,0.11384546281199989,0.3543356740174836,0.07969361582927569,0.0
32,B008IT0I02,0.0,0.070897305368159,0.14522599690141755,0.12032813500749777,0.3543356740174836,0.40980986969055905,0.0
33,B008IT0J7O,0.0,0.070897305368159,0.02692365803316922,0.059157449467552005,0.3543356740174836,0.07969361582927569,0.0
34,B009E1VOTC,0.11472758277322143,0.070897305368159,0.09296098719263027,0.08192143274720676,0.3543356740174836,0.07969361582927569,0.0
35,B009HL68DG,0.06865405118284286,0.070897305368159,0.066441009192337,0.059157449467552005,0.3543356740174836,0.17771230291702603,0.0
36,B009HR53DG,0.0,0.070897305368159,0.02692365803316922,0.09393371788539273,0.3543356740174836,0.07969361582927569,0.0
37,B009M3P77W,0.0,0.070897305368159,0.02692365803316922,0.059157449467552005,0.3543356740174836,0.07969361582927569,0.018591421153760904
38,B009P5I3R8,0.0468247978660474,0.070897305368159,0.08082847350579414,0.07773918700494764,0.3543356740174836,0.21339891452332446,0.0
39,B00B0FS74U,0.0,0.070897305368159,0.02692365803316922,0.0893181654725406,0.3543356740174836,0.1339491386801084,0.0
40,B00B3S2QHS,0.537785144072334,0.10218229518483844,0.5222032581812474,0.4539699906858182,0.596286390014825,0.2332548197176784,0.18663303818018176
41,B00B6RTB7O,0.04165874322340528,0.070897305368159,0.02692365803316922,0.12528410611043042,0.3543356740174836,0.07969361582927569,0.02224193320510981
42,B00BL1137Q,0.07759900377672986,0.6351756397778883,0.05670104216917354,0.3003773663762978,0.8198285009430478,0.11662347084616007,0.20024849540126616
43,B00BN7Y0T6,0.09658328301803418,0.070897305368159,0.11957940680474276,0.08790319900621316,0.3543356740174836,0.07969361582927569,0.012891645086945413
44,B00BNSX67C,0.0,0.070897305368159,0.02692365803316922,0.059157449467552005,0.3543356740174836,0.07969361582927569,0.0
45,B00BSXSQP4,0.0,0.070897305368159,0.02692365803316922,0.059157449467552005,0.3543356740174836,0.07969361582927569,0.0
46,B00BSYD6JY,0.0,0.070897305368159,0.02692365803316922,0.059157449467552005,0.3543356740174836,0.07969361582927569,0.0
47,B00BVZSZMS,0.0,0.10510450963251257,0.02692365803316922,0.10582669391031528,0.3543356740174836,0.07969361582927569,0.015697364275268754
48,B00C4UE9TC,0.0,0.070897305368159,0.02692365803316922,0.059157449467552005,0.3543356740174836,0.07969361582927569,0.0
49,B00CE6GXNG,0.16202955031488608,0.070897305368159,0.10982534364402247,0.1234565113848395,0.3543356740174836,0.07969361582927569,0.0
50,B00CE6R2B8,0.0,0.070897305368159,0.09085879842792674,0.10323610877899159,0.4792683624728707,0.07969361582927569,0.0
51,B00CP4FKVS,0.043026032386707554,0.070897305368159,0.02692365803316922,0.07623170237457841,0.3543356740174836,0.07969361582927569,0.0
52,B00CSBLPBW,0.13567755006601528,0.070897305368159,0.02692365803316922,0.1129991047429422,0.3543356740174836,0.07969361582927569,0.0
53,B00DBWR7RS,0.058611598488979066,0.070897305368159,0.02692365803316922,0.07078702812462435,0.3543356740174836,0.07969361582927569,0.0
54,B00DBWRE2G,0.027570997356255553,0.08693639423168725,0.1644627733738524,0.09198089301879368,0.3543356740174836,0.07969361582927569,0.0
55,B00DBWRIZY,0.2655938860657957,0.070897305368159,0.08807411706981215,0.10131627220527986,0.41408130998980447,0.23137098118311347,0.07090134046869231
56,B00DBWRMP0,0.5225144305089415,0.0877843247142072,0.4056583591710519,0.3010683782484937,0.8114364293709804,0.6599187414383479,0.06199435467450092
57,B00DPXXM5E,0.20914723082036699,0.1438986040301593,0.09112919810467433,0.15045417768801997,0.4013835729819841,0.13941430709177244,0.011166536429084419
58,B00DZ00ET4,0.2533974689626434,0.1323184984122033,0.5293161191897653,0.22675259404507833,0.686847565664196,0.32088052120143223,0.01127424309783402
59,B00E4KZQC4,0.0,0.070897305368159,0.02692365803316922,0.09087687435494175,0.3543356740174836,0.022634162018285286,0.0
60,B00ET7PFFA,0.1987640182025932,0.070897305368159,0.25574125494963557,0.059157449467552005,0.3543356740174836,0.07969361582927569,0.0
61,B00F2GZSUY,0.0,0.070897305368159,0.02692365803316922,0.059157449467552005,0.3543356740174836,0.07969361582927569,0.03253410655540428
62,B00F2LNMPW,0.0,0.070897305368159,0.02692365803316922,0.059157449467552005,0.3543356740174836,0.07969361582927569,0.0
63,B00FV2PU2A,0.0,0.070897305368159,0.02692365803316922,0.059157449467552005,0.3543356740174836,0.07969361582927569,0.0
64,B00GA7T43G,0.0,0.09072968434862787,0.02692365803316922,0.08621497031515679,0.3543356740174836,0.07969361582927569,0.0
65,B00GESJOMM,0.06462312499458357,0.08969415974078201,0.12611604573801205,0.059157449467552005,0.3543356740174836,0.07969361582927569,0.0
66,B00GESKXLS,0.08018179619907648,0.0942196926190959,0.02692365803316922,0.059157449467552005,0.3543356740174836,0.07969361582927569,0.0
67,B00GEUDZYI,0.03239581125617856,0.070897305368159,0.02692365803316922,0.07844115669663772,0.3543356740174836,0.07969361582927569,0.0
68,B00GEUGOAA,0.0,0.070897305368159,0.14250098274330014,0.09899855631873224,0.3543356740174836,0.07969361582927569,0.0
69,B00GEUIP34,0.0,0.070897305368159,0.08365853001017368,0.078714746734061,0.3543356740174836,0.00933113580273375,0.0
70,B00GY338Z6,0.0,0.070897305368159,0.02692365803316922,0.059157449467552005,0.3543356740174836,0.07969361582927569,0.0
71,B00HI1B7J2,0.07172375878619092,0.1126217205546474,0.10949221483576245,0.08761997619907369,0.4350073650432466,0.07969361582927569,0.0
72,B00I83ZD2Q,0.0,0.1319862639611149,0.06722002587958345,0.059157449467552005,0.3543356740174836,0.07969361582927569,0.0
73,B00I98F68G,0.40347931161023043,0.070897305368159,0.1536017441050584,0.15377078485746484,0.3955916347813333,0.13206225608193836,0.009791854661437933
74,B00J4X3PQK,0.037424451757342034,0.070897305368159,0.02692365803316922,0.059157449467552005,0.3543356740174836,0.07969361582927569,0.0
75,B00J5RI038,0.0651524585774591,0.070897305368159,0.02692365803316922,0.059157449467552005,0.3543356740174836,0.12620331438510923,0.017392707024996935
76,B00J9FQYVG,0.029047420989182126,0.070897305368159,0.11609554641913752,0.07068449448552083,0.3543356740174836,0.12116516804783328,0.0
77,B00J9FVKVK,0.04406218990380073,0.070897305368159,0.02692365803316922,0.07664288636057455,0.3543356740174836,0.07969361582927569,0.0
78,B00J9G2V2Q,0.0,0.0897764745927947,0.10164373497339182,0.08491449633440058,0.3543356740174836,0.07969361582927569,0.008663473174929166
79,B00KDQDCEW,0.0,0.14655669404810054,0.02692365803316922,0.059157449467552005,0.5006186308787427,0.07969361582927569,0.09258501811684615
80,B00KH7CLA8,0.0,0.10862221124215884,0.10157757516077302,0.11062593079119534,0.3543356740174836,0.07969361582927569,0.034623208911082996
81,B00KQW4WNS,0.0,0.070897305368159,0.02692365803316922,0.059157449467552005,0.3543356740174836,0.07969361582927569,0.0
82,B00LN3RDDA,0.14220987501233806,0.11226172888032876,0.06785174219092058,0.059157449467552005,0.5142870108124047,0.18121147966588172,0.04745436216367819
83,B00LWE6C0A,0.2737334856997967,0.7078616698170551,0.02692365803316922,0.5615579633944225,0.4313064838143019,0.323952661890428,0.10961135827393577
84,B00M0RZH3G,0.0,0.070897305368159,0.02692365803316922,0.059157449467552005,0.3543356740174836,0.07969361582927569,0.0
85,B00M0S8OPS,0.0,0.070897305368159,0.02692365803316922,0.11831489893510401,0.3543356740174836,0.07969361582927569,0.0
86,B00NAA925Q,0.0731698079518428,0.09218012362646605,0.22346791256587265,0.1535256527316627,0.3543356740174836,0.18415953424684461,0.0
87,B00NB3SMOY,0.0,0.08065574936600951,0.02692365803316922,0.1323819558137795,0.3920704235912409,0.12759257367354368,0.008956116320426463
88,B00NJNJ6O6,0.022661024058292147,0.08408007760933198,0.02692365803316922,0.06815014608493812,0.3543356740174836,0.07969361582927569,0.0
89,B00OPX2RMW,0.0,0.070897305368159,0.02692365803316922,0.059157449467552005,0.3543356740174836,0.07969361582927569,0.0
90,B00PBI86O8,0.0,0.1430997449347171,0.09042659170445971,0.12482847547823261,0.3543356740174836,0.07969361582927569,0.02208868024175079
91,B00POBIWAA,0.0,0.070897305368159,0.02692365803316922,0.059157449467552005,0.3543356740174836,0.07969361582927569,0.0
92,B00QNPEWZA,0.037774482183109095,0.070897305368159,0.02692365803316922,0.08164282726498139,0.3543356740174836,0.13362495833879504,0.0
93,B00QTJ23IS,0.03475888588307908,0.11133841471739711,0.06693816775772699,0.0729510059591218,0.3543356740174836,0.17894545312635243,0.0
94,B00SG3PHUQ,0.11308341790862611,0.0928256015579525,0.02692365803316922,0.059157449467552005,0.3543356740174836,0.07969361582927569,0.0
95,B00STLACSM,0.028492704876560405,0.1703489906820563,0.02692365803316922,0.1326523906352321,0.4184303261436261,0.07969361582927569,0.03042496194850692
96,B00T4GNI1O,0.0,0.070897305368159,0.02692365803316922,0.059157449467552005,0.3543356740174836,0.07969361582927569,0.0
97,B00TYY31U4,0.0,0.070897305368159,0.02692365803316922,0.059157449467552005,0.5315035110262254,0.07969361582927569,0.0
98,B00UDFHFEQ,0.0,0.1319862639611149,0.1478127615724119,0.10082960015394163,0.3543356740174836,0.07969361582927569,0.0
99,B00VIP6IQG,0.0,0.070897305368159,0.02692365803316922,0.059157449467552005,0.6879907779674482,0.07969361582927569,0.0
100,B00VU2VQF0,0.1987640182025932,0.070897305368159,0.02692365803316922,0.059157449467552005,0.3543356740174836,0.07969361582927569,0.0
101,B00XA48B86,0.2645628475173373,0.09288390323344844,0.17195478242576132,0.14164794566107755,0.3543356740174836,0.2955344044878663,0.030268328846588685
102,B00XA48EWO,0.051751201372271696,0.070897305368159,0.02692365803316922,0.1002308671850361,0.3543356740174836,0.3013521221953879,0.0
103,B00XAEXV1I,0.2352825315583455,0.070897305368159,0.02692365803316922,0.059157449467552005,0.3543356740174836,0.12168328075198201,0.0
104,B00XAEXWH6,0.0,0.09302892582551134,0.15831262677237085,0.12709484924385173,0.5682865753608709,0.07969361582927569,0.010155992452241256
105,B00XAH04X8,0.04692016616235885,0.070897305368159,0.02692365803316922,0.07777703252125968,0.3543356740174836,0.07969361582927569,0.0
106,B00ZB1KAT4,0.0,0.070897305368159,0.02692365803316922,0.07518335079471121,0.3543356740174836,0.07969361582927569,0.0
107,B01193V8CK,0.1874058658232615,0.5160666305098193,0.24266572369225922,0.6417168275771836,0.635383374434815,0.25806888142107814,0.33352492397041245
108,B0144M5L4E,0.05122706823905001,0.10069802273385592,0.02692365803316922,0.059157449467552005,0.3543356740174836,0.15283146983258192,0.0
109,B0145NOA2G,0.057704453018206606,0.08768173354500758,0.2926416565000145,0.059157449467552005,0.3543356740174836,0.16207935456591246,0.0
110,B014KORVYE,0.0496910045506483,0.070897305368159,0.02692365803316922,0.059157449467552005,0.3543356740174836,0.07969361582927569,0.0
111,B016AGSNHY,0.14351215334890324,0.3714484585578913,0.22517748498568765,0.4919827939963658,1.0,0.407525639956896,0.40609806379627905
112,B017ERGIUW,0.10170768763481917,0.09061970446505777,0.1830384913112197,0.09279179215373791,0.544996139732894,0.12809694545530353,0.009050423431676544
113,B01BV4XLN6,0.10026246563463632,0.070897305368159,0.06539778538428345,0.059157449467552005,0.3543356740174836,0.07969361582927569,0.0
114,B01BV4XLOU,0.04762620323006879,0.154015180572577,0.19140584357017013,0.059157449467552005,0.3543356740174836,0.07969361582927569,0.0
115,B01C6YBDOO,0.065683591622004,0.09000261645444789,0.10253876044305507,0.13083777950750325,0.3543356740174836,0.07969361582927569,0.017534495096188162
116,B01CUOKUG2,0.03417157573858676,0.11065509380040267,0.02692365803316922,0.1405203956692785,0.3543356740174836,0.07969361582927569,0.01824447513971042
117,B01D4VBU0K,0.10423989869714352,0.070897305368159,0.06692406209420479,0.1625726550203941,0.3543356740174836,0.07969361582927569,0.0
118,B01E12I3Z6,0.03260015741057983,0.15623863949280167,0.2145705406340284,0.12384193250729823,0.3543356740174836,0.1727813382050119,0.0
119,B01EAGUZAY,0.4284534556112844,0.42399797583559673,0.02692365803316922,0.49838999055964506,0.9165586101466588,0.6914047162475279,0.2954748156478317
120,B01F1RXFBM,0.0,0.10722810574625785,0.02692365803316922,0.15829042686866632,0.49482258508483223,0.07969361582927569,0.050015587670347715
121,B01FUURB2O,0.0,0.070897305368159,0.02692365803316922,0.059157449467552005,0.3543356740174836,0.2860409396866879,0.0
122,B01FV6OZEE,0.08876643882747001,0.12253609021355766,0.248331271811476,0.07677028223556417,0.3543356740174836,0.39652742393738694,0.0
123,B01GVVHXJ2,0.18778783151422962,0.070897305368159,0.02692365803316922,0.07406162143171659,0.3965787526812043,0.07969361582927569,0.0
124,B01HL1REGS,0.08787637674882093,0.070897305368159,0.12808714594825155,0.12890236425202764,0.3543356740174836,0.07969361582927569,0.0
125,B01HQVLX7O,0.1487467389252955,0.09253020218501597,0.06973305540024642,0.08129293900687928,0.3543356740174836,0.3451542806925144,0.0
126,B01IDA4FOU,0.14907301365194492,0.070897305368159,0.08412805726228581,0.14789362366888,0.5778965935069109,0.15063840265844947,0.0
127,B01IDA4MFM,0.0993820091012966,0.09980443656140198,0.08412805726228581,0.059157449467552005,0.3543356740174836,0.07969361582927569,0.0
128,B01IH5NB3M,0.0,0.16875761052854493,0.10069737978738805,0.09730368713039828,0.40839485027333555,0.07969361582927569,0.05132248404484518
129,B01IR2AISQ,0.0,0.070897305368159,0.02692365803316922,0.059157449467552005,0.3543356740174836,0.07969361582927569,0.0
130,B01JSBV49M,0.0,0.09414672496400187,0.08826810952347464,0.07501716191124688,0.3543356740174836,0.07969361582927569,0.0
131,B01KUJTSFI,0.19326445023716823,0.4483382538575212,0.19643716780094322,0.716536101063261,0.5717109242783293,0.15852999015452124,0.28007471644019166
132,B01LW2OYC1,0.14907301365194492,0.070897305368159,0.08412805726228581,0.14789362366888,0.5778965935069109,0.15063840265844947,0.0
133,B01M63RZXI,0.15126624692711974,0.070897305368159,0.02692365803316922,0.07916671682703602,0.3543356740174836,0.07969361582927569,0.0
134,B01M8MQEVZ,0.0,0.070897305368159,0.02692365803316922,0.08913795319745786,0.3543356740174836,0.2954189858673531,0.0
135,B01N1GUS0U,0.29717782035090295,0.12276116876731501,0.02692365803316922,0.12401932354378614,0.3543356740174836,0.20697953390926094,0.015866559379475696
136,B01N30WTQ1,0.030329770644977008,0.070897305368159,0.03856222537677756,0.059157449467552005,0.4225628257385091,0.16629838997073765,0.008096652474538288
137,B01N63E1JO,0.21607231873858435,0.5186943494769829,0.06838081677935805,0.8790954053258261,0.7188784621707291,0.19537756656051142,0.41097970289783536
138,B01N63E1OD,0.1872060395431659,0.42872740435718903,0.06797356759199367,0.6375580405011368,0.7453775675763485,0.11787613049056075,0.3426884172216176
139,B06W56C333,0.0,0.070897305368159,0.10443003196324452,0.09350854929031717,0.3543356740174836,0.07969361582927569,0.0
140,B06XNQ2R5T,0.10803380335581593,0.10232097404976588,0.06837991269663923,0.059157449467552005,0.3543356740174836,0.23393551974593227,0.0
141,B06XYDHPRC,0.0,0.0625849432678544,0.0707886062767086,0.07049809150768885,0.3543356740174836,0.1612954535641609,0.0
142,B06XYDRJDN,0.0,0.12339072464877814,0.02692365803316922,0.07109366908721351,0.3543356740174836,0.07969361582927569,0.0
143,B06XYG8NVQ,0.0,0.070897305368159,0.02692365803316922,0.059157449467552005,0.3543356740174836,0.07969361582927569,0.0
144,B06XYHT94X,0.028384747443140772,0.070897305368159,0.0922768316885763,0.059157449467552005,0.3543356740174836,0.07969361582927569,0.0
145,B06XYJC7DT,0.0,0.08722104671361286,0.1022975473129555,0.059157449467552005,0.3543356740174836,0.07969361582927569,0.0
146,B06XYJGQ1Z,0.06111532817598294,0.08867385089664126,0.02692365803316922,0.059157449467552005,0.3543356740174836,0.07969361582927569,0.0
147,B06XYKCVWP,0.09281712269524349,0.10689411896978339,0.03879602315118519,0.07757400961836305,0.3543356740174836,0.16803812329439874,0.0
148,B06ZY7BR3V,0.0,0.070897305368159,0.02692365803316922,0.059157449467552005,0.3543356740174836,0.07969361582927569,0.0
149,B0713WD6BK,0.04369728180026645,0.15986855363006916,0.060459932535083936,0.16320122009947077,0.45263318869641284,0.07969361582927569,0.19830776342894665
150,B07192ZQ3L,0.0,0.08616730538034979,0.07728673113824444,0.07999046925199997,0.41338295927917207,0.07969361582927569,0.014014518744199225
151,B071HDJH7W,0.024642755776941694,0.070897305368159,0.05529245541042812,0.068936567390393,0.3543356740174836,0.07969361582927569,0.0
152,B071V7GS92,0.2799470011768895,0.09803992659761085,0.09854046569006074,0.07150110291927675,0.4592929822824404,0.12410312996694016,0.07473296143087775
153,B071VD5LF7,0.054741906809704824,0.070897305368159,0.02692365803316922,0.059157449467552005,0.3543356740174836,0.31416178231272046,0.014613568972211952
154,B071W8R7GW,0.0,0.20890361354428325,0.02692365803316922,0.07627412593547184,0.40284968152050454,0.07969361582927569,0.02302901698169846
155,B07258JQ9M,0.07132195639839044,0.070897305368159,0.02692365803316922,0.096894885892862,0.3543356740174836,0.1815213216420257,0.006346559639608045
156,B0727P5W6L,0.0,0.09463315842479533,0.02692365803316922,0.09963628836202473,0.4920112816054804,0.07969361582927569,0.043568638808935155
157,B072FGYPPF,0.0,0.070897305368159,0.02692365803316922,0.10752041489714396,0.3543356740174836,0.07969361582927569,0.09760231966621284
158,B072L6J47G,0.1293988111933923,0.070897305368159,0.02692365803316922,0.18753252297695072,0.5483917040295673,0.2028570355679757,0.034543525472547694
159,B072NBV7SF,0.18292451987960703,0.09218012362646605,0.02692365803316922,0.17530293040799594,0.3543356740174836,0.13192657503806016,0.019532970214296466
160,B072Q2LYJ9,0.07652369861896448,0.593968779383376,0.07097078734634316,0.48429982852802334,0.6555822478813998,0.35282944468783844,0.1940688938880382
161,B073ZFFMFP,0.0,0.070897305368159,0.02692365803316922,0.059157449467552005,0.3543356740174836,0.07969361582927569,0.0
162,B073ZGL2NC,0.0,0.070897305368159,0.02692365803316922,0.059157449467552005,0.3543356740174836,0.07969361582927569,0.0
163,B073ZGQLXG,0.0,0.070897305368159,0.02692365803316922,0.0929416647450733,0.3543356740174836,0.07969361582927569,0.0
164,B073ZGWD2F,0.0,0.070897305368159,0.02692365803316922,0.08607827710524711,0.3543356740174836,0.07969361582927569,0.0
165,B074G1PNCV,0.0,0.070897305368159,0.12808714594825155,0.059157449467552005,0.3543356740174836,0.07969361582927569,0.023458947038712076
166,B074L5CZDP,0.4273735236606006,0.04829555128136343,0.23564812554521178,0.16708277781538058,0.39803482987577093,0.19063348149314555,0.041486929410386154
167,B074P5PQ7M,0.0,0.070897305368159,0.02692365803316922,0.07518335079471121,0.3543356740174836,0.31032306256179004,0.010780736391841865
168,B074PBX6ZY,0.0,0.070897305368159,0.02692365803316922,0.059157449467552005,0.3543356740174836,0.07969361582927569,0.007756007683534309
169,B0757LWQDW,0.0,0.070897305368159,0.02692365803316922,0.17780775695232542,0.3543356740174836,0.22198542941296065,0.03990844763397367
170,B0757XT5HP,0.19952077275975558,0.39975878477033605,0.02692365803316922,0.7651515305518443,0.8405618545606505,0.22212340588318003,0.5770143276649393
171,B0757YRJS6,0.08306791637106052,0.10714010994921855,0.02692365803316922,0.17453246474692602,0.3543356740174836,0.07969361582927569,0.055438273710773436
172,B0759RB3LK,0.22077129755604477,0.19130135761814154,0.6834840963791484,0.23437718319549106,0.5405709697396072,0.11909353535381804,0.058935772828213336
173,B075DJJ96Q,0.05094236173771516,0.070897305368159,0.02692365803316922,0.059157449467552005,0.38298452438294184,0.18879067555081366,0.0
174,B075FT15H4,0.11760353051998976,0.13931171389686614,0.5007727540635617,0.17583056057446023,0.3543356740174836,0.07969361582927569,0.03139472855053751
175,B075FX12L3,0.093092475094242,0.09797500700639092,0.11623055168313427,0.11457103429037196,0.3543356740174836,0.21260350285378754,0.0
176,B075LMJBWV,0.0,0.070897305368159,0.02692365803316922,0.059157449467552005,0.3543356740174836,0.15235792201519596,0.0
177,B0766DYYYV,0.0,0.16253074325759287,0.02692365803316922,0.059157449467552005,0.3543356740174836,0.07969361582927569,0.0
178,B0771Y7YQ1,0.0,0.070897305368159,0.09990381618218411,0.09689335855858586,0.3543356740174836,0.07969361582927569,0.0
179,B077PXF7QY,0.0459367728734727,0.070897305368159,0.02692365803316922,0.059157449467552005,0.3543356740174836,0.07969361582927569,0.0
180,B077RJV4MM,0.15530969726696792,0.3690506805264342,0.02692365803316922,0.3919723356175816,0.843454888419086,0.25708448912309884,0.4394817155001871
181,B077RTQKV5,0.42435123450972817,0.9254165509325387,0.0645016673758408,0.9464832290901223,0.6113387237876374,0.12629779135086006,0.5664112190600398
182,B077XDM51Q,0.06470127966441036,0.1838148281598418,0.5731415838770935,0.34800973144838854,0.6454281505073645,0.21825647649818306,0.10363357815646396
183,B0787Z96WS,0.0,0.070897305368159,0.02692365803316922,0.059157449467552005,0.3543356740174836,0.30458326932106894,0.0
184,B0788LW7QD,0.11212152898760615,0.10350996612377097,0.155998221213887,0.08696606956425873,0.38586300016748226,0.07969361582927569,0.07482821628894036
185,B078JJWVSJ,0.11093203019270913,0.09240842043691642,0.02692365803316922,0.059157449467552005,0.3543356740174836,0.07969361582927569,0.009871248366046184
186,B0796QM5ZJ,0.028608393613145995,0.1125037588340085,0.36724216245747154,0.11024515482252781,0.3543356740174836,0.1205383603612769,0.0840083645923269
187,B079JSS8LD,0.1898957701898366,0.5680101925399196,0.11020306729708554,0.6943123789504417,0.5374096530779406,0.07969361582927569,0.13759644860667153
188,B079JYJBF2,0.024636455795938882,0.12822512687386814,0.02692365803316922,0.09337561200324222,0.3543356740174836,0.07969361582927569,0.013153599024467196
189,B079KFS95M,0.0,0.070897305368159,0.02692365803316922,0.09796469716100721,0.5193234661248272,0.07969361582927569,0.03915886216961522
190,B079LVKBYQ,0.029645688502879183,0.10538933524826587,0.02692365803316922,0.21209541319081215,0.3543356740174836,0.07969361582927569,0.023742102106793884
191,B079PVXX8D,0.05122706823905001,0.1453990987824013,0.08589637732881047,0.14047230656966844,0.4695715258767135,0.22596932383588816,0.09572688220206363
192,B079PVXXGY,0.12717845462977484,0.033905053891439385,0.02692365803316922,0.1474780477631254,0.3543356740174836,0.07969361582927569,0.1018523774649766
193,B079Q14QDP,0.0,0.19418670059934096,0.02692365803316922,0.08719161676741323,0.3543356740174836,0.07969361582927569,0.018858781260084733
194,B079Q14YXT,0.054741906809704824,0.23012446290162178,0.02692365803316922,0.14605155609408169,0.4159069339047145,0.07969361582927569,0.05845427588884781
195,B079Q1FLZ9,0.08930429595803654,0.070897305368159,0.02692365803316922,0.11231610889843614,0.3543356740174836,0.07969361582927569,0.03576020359596512
196,B079Q2CFDL,0.0,0.011490788842909057,0.02692365803316922,0.06928856548840676,0.41176516853073175,0.07969361582927569,0.013630545820334428
197,B079Q315PN,0.06553156994885029,0.070897305368159,0.02692365803316922,0.1111679434236173,0.4280426666906653,0.07969361582927569,0.1049634738483476
198,B079Q31Q7C,0.0,0.20590551346165306,0.02692365803316922,0.10008924991911525,0.412342427780138,0.2269564483401615,0.20651332257547297
199,B079Q4MMZP,0.06871016181576552,0.070897305368159,0.02692365803316922,0.11369069899336835,0.3543356740174836,0.2758912104280721,0.07336980001643077
200,B079Q5LPDC,0.0,0.1647145604430086,0.11975126652197071,0.09115641360534786,0.3543356740174836,0.07969361582927569,0.06457778382741286
201,B079Q5NLR1,0.0,0.11484698688892463,0.02692365803316922,0.08913795319745786,0.4393097859966978,0.07969361582927569,0.020168095448023098
202,B079Q8ZH5R,0.0,0.10259692014046615,0.02692365803316922,0.13484164901380893,0.3543356740174836,0.07969361582927569,0.05818662017756677
203,B079Q8ZWC9,0.0,0.070897305368159,0.02692365803316922,0.08373088734025866,0.42398447246067755,0.07969361582927569,0.01653072426559825
204,B079Q8ZWDS,0.0,0.070897305368159,0.02692365803316922,0.08679417761974915,0.43266679393130086,0.17912395664318578,0.05577426346128271
205,B079Q8ZWFX,0.09658328301803418,0.18326958113612818,0.02692365803316922,0.20288619716085776,0.6802334057207803,0.21758739533602947,0.1031331606955633
206,B079Q8ZWLL,0.0,0.070897305368159,0.02692365803316922,0.19429431057763719,0.4500906926117288,0.07969361582927569,0.06818063677235113
207,B079Q934H8,0.0,0.10824618694764329,0.02692365803316922,0.11011291693652467,0.42654752938972296,0.07969361582927569,0.017139050443768244
208,B079Q934P2,0.0,0.10557146415305432,0.02692365803316922,0.0828106071426703,0.421376110931244,0.07969361582927569,0.0
209,B079Q96FNX,0.0,0.070897305368159,0.02692365803316922,0.1512540004835693,0.412342427780138,0.07969361582927569,0.0
210,B079Q96FNY,0.04817645884492389,0.14096246247504612,0.02692365803316922,0.17386619626856636,0.46270914658572154,0.2860409396866879,0.025721793236563442
211,B079Q96FNZ,0.0,0.15014634229892687,0.02692365803316922,0.12402962050720079,0.4769143377143874,0.07969361582927569,0.04363996513317508
212,B079QCF3DK,0.0,0.08906270555720842,0.02692365803316922,0.24503178209464133,0.42457912955115795,0.07969361582927569,0.050015587670347715
213,B079QDMMM9,0.0,0.09836361130433273,0.02692365803316922,0.13410258299960012,0.3543356740174836,0.07969361582927569,0.07562417663440289
214,B079QDZ2LH,0.0,0.070897305368159,0.02692365803316922,0.13803404875762135,0.3543356740174836,0.07969361582927569,0.026530421193536515
215,B079QDZ2MC,0.050121456730066405,0.11463361755568081,0.02692365803316922,0.13871732341420212,0.4107100573392281,0.15125296737464158,0.013380121512002402
216,B079QFC2GK,0.0,0.18702419419985844,0.02692365803316922,0.2175905713146874,0.48263537512934573,0.07969361582927569,0.060902327961010624
217,B079QFC2JM,0.0,0.1348880249434864,0.02692365803316922,0.059157449467552005,0.3543356740174836,0.07969361582927569,0.029364739300172308
218,B079QFXG19,0.0,0.070897305368159,0.02692365803316922,0.059157449467552005,0.5583891413286575,0.07969361582927569,0.0
219,B079QGT2Z3,0.0,0.070897305368159,0.02692365803316922,0.09529530846891422,0.3543356740174836,0.07969361582927569,0.0
220,B079QHDD7X,0.04251813921806443,0.19456933007198668,0.02692365803316922,0.4303569136350343,0.6412707355399804,0.07969361582927569,0.158905400769196
221,B079QHDJ32,0.0,0.070897305368159,0.02692365803316922,0.10082960015394163,0.3543356740174836,0.07969361582927569,0.0
222,B079QJ25LL,0.0,0.070897305368159,0.02692365803316922,0.08544964923090845,0.42885598051395935,0.07969361582927569,0.05306084238707304
223,B079QJFFTQ,0.0,0.070897305368159,0.02692365803316922,0.05085774690205492,0.3543356740174836,0.07969361582927569,0.0
224,B079QJFSN3,0.0,0.070897305368159,0.02692365803316922,0.059157449467552005,0.3543356740174836,0.07969361582927569,0.0
225,B079QJFSPX,0.0,0.070897305368159,0.02692365803316922,0.059157449467552005,0.3543356740174836,0.07969361582927569,0.0
226,B07BFMNKBJ,0.040350863831452595,0.11784454360914018,0.11982767334650103,0.059157449467552005,0.3543356740174836,0.07969361582927569,0.010771823015575454
227,B07BHM7B54,0.13567755006601528,0.070897305368159,0.02692365803316922,0.059157449467552005,0.3543356740174836,0.07969361582927569,0.0
228,B07BPN9MM9,0.10473748752216669,0.124210833239626,0.2982152426060466,0.4020566799031695,0.7077478644211063,0.11707753869659081,0.09786030583858076
229,B07BPXDNDC,0.25135172013441087,0.070897305368159,0.02692365803316922,0.07910650170466653,0.3543356740174836,0.07969361582927569,0.0
230,B07BPZYLBL,0.0,0.070897305368159,0.02692365803316922,0.059157449467552005,0.3543356740174836,0.12314197558623123,0.0
231,B07BRTDFS2,0.0,0.070897305368159,0.02692365803316922,0.059157449467552005,0.3543356740174836,0.07969361582927569,0.0
232,B07C11X3M8,0.11163768343868527,0.03842538021335046,0.09118243756670726,0.03700655691191463,0.3543356740174836,0.07969361582927569,0.0
233,B07C881G7Z,0.06141862601518204,0.21381542875767137,0.02692365803316922,0.14446324771685648,0.49249754687453184,0.07969361582927569,0.0
234,B07C94P79Q,0.052368743761083345,0.055664868833454145,0.07716284036147986,0.09033010677988088,0.41323770575142077,0.07969361582927569,0.02796008738245164
235,B07CBB689J,0.15530969726696792,0.3690506805264342,0.02692365803316922,0.3919723356175816,0.843454888419086,0.25708448912309884,0.4394817155001871
236,B07CG98SVR,0.0,0.070897305368159,0.02692365803316922,0.059157449467552005,0.3543356740174836,0.3634727631459708,0.05306084238707303
237,B07CL4CVP9,0.09030267347672692,0.123429775840388,0.21751084294069836,0.11291039621608605,0.3543356740174836,0.07969361582927569,0.06026664141489736
238,B07CNM2SWC,0.0,0.070897305368159,0.02692365803316922,0.1129991047429422,0.3543356740174836,0.07969361582927569,0.0
239,B07D9GT8JB,0.032317119716916046,0.2870983083618306,0.02692365803316922,0.34129814854261653,0.4270333892729643,0.07969361582927569,0.17254366370835228
240,B07DB53YY6,0.0,0.070897305368159,0.02692365803316922,0.059157449467552005,0.3543356740174836,0.07969361582927569,0.0
241,B07DHBZ6MY,0.0,0.1699487099244432,0.02692365803316922,0.059157449467552005,0.3543356740174836,0.07969361582927569,0.04545375784823409
242,B07DHBZ7KH,0.14907301365194492,0.17207226454450944,0.02692365803316922,0.14789362366888,0.3543356740174836,0.07969361582927569,0.2255085801450604
243,B07DLCQ9FZ,0.343786209099442,0.09589648061811774,0.7195167446913822,0.44285709005803714,0.4510045300170111,1.0,0.057359431868101676
244,B07DPMP7G1,0.07697942904328424,0.1156791421343494,0.07123310630496948,0.09734265291340788,0.3976271915021689,0.07969361582927569,0.03082494549402771
245,B07DX8RYP1,0.0,0.070897305368159,0.02692365803316922,0.059157449467552005,0.3543356740174836,0.07969361582927569,0.0
246,B07DX91LR6,0.45243967603682467,0.09909743619342051,0.16333664856891478,0.12969262423631814,0.3543356740174836,0.1258333787497978,0.008627183185417614
247,B07DX94RVK,0.0,0.070897305368159,0.02692365803316922,0.059157449467552005,0.3543356740174836,0.07969361582927569,0.0
248,B07DX95FCL,0.1124431456836709,0.09270144472531891,0.02692365803316922,0.0814681599905346,0.3543356740174836,0.18671841938701456,0.0
249,B07DXGFW54,0.0,0.070897305368159,0.02692365803316922,0.059157449467552005,0.3543356740174836,0.07969361582927569,0.0
250,B07FCCFV15,0.0,0.070897305368159,0.02692365803316922,0.059157449467552005,0.3543356740174836,0.07969361582927569,0.0
251,B07FDG7TLK,0.0,0.070897305368159,0.054424805238812206,0.07811750321681511,0.3543356740174836,0.07969361582927569,0.012754561336251023
252,B07FDQDV9T,0.0,0.10438240345009936,0.07109949146565196,0.0991310085038833,0.3543356740174836,0.07969361582927569,0.0
253,B07FPV5R7D,0.0,0.070897305368159,0.12808714594825155,0.059157449467552005,0.3543356740174836,0.07969361582927569,0.0
254,B07G2289BJ,0.0,0.12474108988570644,0.13347526721769742,0.07752235823029081,0.3543356740174836,0.07969361582927569,0.037062609370204405
255,B07G2C7BD2,0.03565320507294655,0.0916381192402709,0.19109986620071293,0.08038013047925624,0.3543356740174836,0.07969361582927569,0.0
256,B07G2L2GT4,0.0,0.11800138036943017,0.07353084803203043,0.06719052187788407,0.3543356740174836,0.07969361582927569,0.010807808472600806
257,B07G5RKF3P,0.0,0.11780593290558379,0.07333746227756996,0.06715719050200097,0.3543356740174836,0.07969361582927569,0.0
258,B07G9JPBW9,0.08859211433812987,0.8095996619667218,0.02692365803316922,0.31111227588454726,0.6532690733326075,0.07969361582927569,0.18131678952300742
259,B07G9KLJKC,0.0,0.070897305368159,0.02692365803316922,0.09402990685978983,0.3543356740174836,0.07969361582927569,0.0
260,B07H82X8HV,0.5177665984712666,0.45242282207131324,0.02692365803316922,0.6413171138156502,0.4319837834904749,0.07969361582927569,0.26722503451518403
261,B07HK894F8,0.07191272572308476,0.070897305368159,0.02692365803316922,0.08769496496965316,0.3543356740174836,0.13102919500366098,0.0
262,B07HKDFVZL,0.20291688066087948,0.14959357301433393,0.42923198219589953,0.1329716680938906,0.3543356740174836,0.22454774961775403,0.018056488492883837
263,B07HKPY7PN,0.0836588923281468,0.070897305368159,0.02692365803316922,0.059157449467552005,0.3543356740174836,0.2588556896167659,0.0
264,B07HNFG5KW,0.0,0.070897305368159,0.02692365803316922,0.07910650170466653,0.3543356740174836,0.07969361582927569,0.0
265,B07JGTJ56P,0.0,0.16599614968508045,0.02692365803316922,0.12402962050720079,0.3543356740174836,0.15749180332682794,0.029093310088783384
266,B07JHCVT2R,0.0,0.070897305368159,0.06585672166182055,0.059157449467552005,0.3543356740174836,0.07969361582927569,0.009028244246441918
267,B07JLTBBXL,0.0,0.070897305368159,0.02692365803316922,0.059157449467552005,0.431617805324283,0.07969361582927569,0.0
268,B07JWX5W9T,0.0,0.070897305368159,0.02692365803316922,0.059157449467552005,0.3543356740174836,0.07969361582927569,0.0
269,B07K4D4MC2,0.0,0.070897305368159,0.02692365803316922,0.059157449467552005,0.3543356740174836,0.07969361582927569,0.0
270,B07KCMTNY3,0.07052707050453651,0.09141143361114634,0.3110919007422257,0.15011727444583725,0.3939985286766679,0.07969361582927569,0.09413740489611351
271,B07KCNK9M7,0.07052707050453651,0.09141143361114634,0.3110919007422257,0.15011727444583725,0.3939985286766679,0.07969361582927569,0.09413740489611351
272,B07KSTJZ22,0.0,0.070897305368159,0.02692365803316922,0.059157449467552005,0.3543356740174836,0.07969361582927569,0.0
273,B07KW1GWWM,0.0,0.13584115567777608,0.09118243756670726,0.11453468085664543,0.5426833190156601,0.31877446331710274,0.029802122028748306
274,B07KW8LGYM,0.188067367871891,0.1666274502852736,0.02692365803316922,0.2737238449815618,0.7773952807571884,0.07969361582927569,0.11296199067539162
275,B07MTMGQ1P,0.14380536268012736,0.0876287058414549,0.02692365803316922,0.08198427309580468,0.3866848480772586,0.16181907006383334,0.007677882297397186
276,B07MYPM9WZ,0.12535888548186733,0.070897305368159,0.4277943206896161,0.0757397307526965,0.3543356740174836,0.07969361582927569,0.0
277,B07NBGP9MF,0.0,0.070897305368159,0.05312219317174439,0.059157449467552005,0.3543356740174836,0.07969361582927569,0.00607521607819182
278,B07NCRTG3L,0.0,0.070897305368159,0.02692365803316922,0.059157449467552005,0.3543356740174836,0.07969361582927569,0.0
279,B07NDYQZZ7,0.1424460802838984,0.13719031059863832,0.4860795767519527,0.2117820982385552,0.5145526839869351,0.20171739327284163,0.03802654566429808
280,B07NL923F6,0.0,0.070897305368159,0.02692365803316922,0.07876775202418346,0.3543356740174836,0.07969361582927569,0.01319198827644236
281,B07NLXKYWN,0.0,0.0920483594492626,0.11063541301042595,0.08320461863267833,0.3543356740174836,0.07969361582927569,0.0
282,B07Q1C27K2,0.0,0.070897305368159,0.02692365803316922,0.09859574911258669,0.3543356740174836,0.07969361582927569,0.0
283,B07Q46DSW5,0.05400985010496203,0.08660708862601382,0.21345245065758897,0.08059047010664784,0.3543356740174836,0.1568045001235673,0.014418143533644064
284,B07Q5V54V4,0.29865271792195414,0.3532208211919764,0.02692365803316922,0.43692710929567274,0.6902469563029687,0.3461886987991014,0.31890610659673296
285,B07Q73VT93,0.09000957581250503,0.12325926987640694,0.09600314576987934,0.3181201001615447,0.7086713480349672,0.20820198925315758,0.420497227200932
286,B07Q758P4F,0.0,0.070897305368159,0.11718062870562494,0.14082862724238773,0.3543356740174836,0.41550318452474505,0.0
287,B07Q843TZ7,0.29865271792195414,0.3532208211919764,0.02692365803316922,0.43692710929567274,0.6902469563029687,0.3461886987991014,0.31890610659673296
288,B07Q86RG7M,0.15935633163947743,0.10179850118037777,0.02692365803316922,0.10131627220527986,0.41408130998980447,0.23137098118311347,0.014180268093738464
289,B07QBCGYXQ,0.0,0.070897305368159,0.02692365803316922,0.12176688197425506,0.3543356740174836,0.14405183588675036,0.0
290,B07QHP8DYV,0.0,0.070897305368159,0.10164373497339182,0.09779301976782485,0.3543356740174836,0.07969361582927569,0.0
291,B07QYVVGTC,0.0,0.04222744064495177,0.02692365803316922,0.11782934126707899,0.3543356740174836,0.07969361582927569,0.0
292,B07R96219D,0.03527519659756752,0.3889714427212606,0.02692365803316922,0.33912638670937817,0.5527155281237843,0.07969361582927569,0.2919224594905874
293,B07RCCSJNX,0.1872991914641896,0.09813705604841078,0.02692365803316922,0.06844831823624982,0.3543356740174836,0.21339891452332446,0.0
294,B07RML6XLB,0.06047343036455665,0.070897305368159,0.09654081076756987,0.059157449467552005,0.3543356740174836,0.07969361582927569,0.0
295,B07RMZGKDF,0.0,0.070897305368159,0.1870294909922471,0.01185113411731541,0.421376110931244,0.07969361582927569,0.0
296,B07RMZYSH6,0.0,0.11199377044521965,0.02692365803316922,0.059157449467552005,0.5132508472142691,0.07969361582927569,0.0
297,B07RN212T9,0.0,0.09144553790668931,0.02692365803316922,0.08719161676741323,0.3543356740174836,0.07969361582927569,0.018858781260084733
298,B07SB4NBKY,0.0837458419785173,0.1439744768658927,0.09119592919691935,0.07577410694832434,0.4014324715300259,0.07969361582927569,0.044712568823856234
299,B07SC8SH6W,0.09325644256207882,0.070897305368159,0.02692365803316922,0.1948514620538391,0.3543356740174836,0.8785575347025907,0.00829839230982273
300,B07TDMGPYG,0.07213371229062615,0.9730996682542146,0.04076374073715693,0.6960683896722449,0.6383004336906569,0.13118694835427352,0.39475579761270774
301,B07TFHKHM4,0.07915413037140281,0.5083432594665412,0.02692365803316922,0.5695888195347418,0.5323937584458244,0.07969361582927569,0.17960932480725195
302,B07TM4CG62,0.0,0.070897305368159,0.02692365803316922,0.059157449467552005,0.3543356740174836,0.07969361582927569,0.0
303,B07TQMQN2P,0.08533210509658953,0.08330753121954265,0.10878575512612881,0.13534875019985132,0.4503134271836405,0.07969361582927569,0.022779743637866424
304,B07TRNMPGT,0.11890499249653774,0.070897305368159,0.3463189627991718,0.11420744520357623,0.3989153548114773,0.13628125123649296,0.0
305,B07TSXV94W,0.6652937030803122,0.15383154150071462,0.24574870028191337,0.3797435646523388,0.4077851555168253,0.21538681586659253,0.12685913620253617
306,B07V1G729W,0.07473703538762674,0.070897305368159,0.02692365803316922,0.07398660025074104,0.3543356740174836,0.2397488338239707,0.0
307,B07VRD3G2W,0.0,0.070897305368159,0.02692365803316922,0.11815018061706886,0.5215395004714851,0.22118811140142983,0.013228274873582963
308,B07VVCCXHK,0.0,0.070897305368159,0.042877500198200816,0.059157449467552005,0.4010976670442576,0.19840916359382796,0.011098678370825028
309,B07VXHXFNL,0.06760613705190227,0.070897305368159,0.0658378286081826,0.059157449467552005,0.3543356740174836,0.07969361582927569,0.0
310,B07VYVBVQS,0.03557743624279333,0.070897305368159,0.02692365803316922,0.0732758357210967,0.3543356740174836,0.2828719297312082,0.0
311,B07WDK9264,0.14754345412392525,0.070897305368159,0.060894131078225625,0.07086754268668148,0.3543356740174836,0.12182373171450704,0.0
312,B07WJJCN8T,0.03351868352511716,0.070897305368159,0.052648181969902536,0.06580814961199802,0.5428372895692603,0.1275488741197413,0.0
313,B07WJJGLKS,0.6027948024874958,0.13664764311421274,0.3016077541472955,0.32826905771983317,0.7357088514088489,0.6175820771178311,0.08045923073947632
314,B07WJX7KFK,0.0,0.11181832534280753,0.040420110678042444,0.08707193597871911,0.3543356740174836,0.07969361582927569,0.0
315,B07WNTZW6H,0.06317740978156106,0.08927364621213807,0.20874860824736055,0.11556727344536234,0.3543356740174836,0.07969361582927569,0.02529818988233154
316,B07WYYXGL5,0.041616846032975816,0.070897305368159,0.02692365803316922,0.07567248733981775,0.3543356740174836,0.1985279318996074,0.0
317,B07WZP3NPQ,0.024247178775415067,0.3459545213204778,0.02692365803316922,0.5691308145581417,0.463424263211352,0.1489299271088087,0.14240337031467454
318,B07X3VGTLF,0.026217591812163217,0.2462925663171527,0.02692365803316922,0.39728967947887744,0.5902427153553798,0.07969361582927569,0.10498335057021346
319,B07XJWLJGS,0.0,0.08986903970631584,0.02692365803316922,0.07209911667438153,0.3910164012106657,0.07969361582927569,0.008705950434833066
320,B07XLKC4WZ,0.0,0.070897305368159,0.02692365803316922,0.059157449467552005,0.3543356740174836,0.07969361582927569,0.0
321,B07XM84QGQ,0.0,0.070897305368159,0.02692365803316922,0.059157449467552005,0.3543356740174836,0.07969361582927569,0.0
322,B07XTKX2M2,0.0,0.070897305368159,0.02692365803316922,0.02480869465421478,0.3543356740174836,0.07969361582927569,0.0
323,B07XYGBR28,0.0,0.070897305368159,0.02692365803316922,0.059157449467552005,0.3543356740174836,0.07969361582927569,0.0
324,B07Y5272G2,0.040874378622436494,0.070897305368159,0.12103301621998899,0.09970845076279597,0.40030935552696556,0.31312210892307146,0.0
325,B07Y53L5NM,0.0,0.070897305368159,0.02692365803316922,0.1018398863560132,0.3543356740174836,0.07969361582927569,0.0
326,B07Y5JZ1RG,0.06985539030131203,0.8836476010225764,0.0671325013765252,0.5165554669831068,0.5900463739964357,0.17942747749319046,0.38228755238381024
327,B07YQDXWG1,0.031085480854026272,0.070897305368159,0.02692365803316922,0.1085007267716564,0.3543356740174836,0.07969361582927569,0.0
328,B07YQFH15Y,0.22820110187405881,0.25106234407573796,0.6774328510494811,0.12384193250729823,0.3543356740174836,0.21932519939287998,0.0
329,B07YQFN9YT,0.0,0.070897305368159,0.08638760807780482,0.07145627846431234,0.3543356740174836,0.07969361582927569,0.0
330,B07YQFRD13,0.0468247978660474,0.070897305368159,0.13473328897841907,0.10561179331104108,0.3543356740174836,0.07969361582927569,0.0
331,B07YQFT84H,0.0,0.070897305368159,0.02692365803316922,0.11236239756233163,0.3543356740174836,0.13438466828792478,0.020452195603033275
332,B07YQFV3GB,0.030588130153438507,0.10648584294341323,0.09734991022076547,0.059157449467552005,0.3543356740174836,0.07969361582927569,0.0
333,B07YQFYH3V,0.032912834992406985,0.08047062399665766,0.10270232138253488,0.09180989482300604,0.3543356740174836,0.12668389271329616,0.0
334,B07YQFZ3JD,0.0,0.070897305368159,0.14250098274330014,0.09899855631873224,0.3543356740174836,0.07969361582927569,0.0
335,B07YQG6J8C,0.07639095150394651,0.09311705396320359,0.02692365803316922,0.11220805902903284,0.39729624483238707,0.07969361582927569,0.0
336,B07YTNQH9G,0.0,0.070897305368159,0.02692365803316922,0.059157449467552005,0.3543356740174836,0.07969361582927569,0.0
337,B07YV42X6F,0.0,0.1261782734060713,0.02692365803316922,0.11302916337520603,0.3543356740174836,0.07969361582927569,0.0
338,B07ZH5X3Y8,0.0,0.070897305368159,0.02692365803316922,0.059157449467552005,0.3543356740174836,0.07969361582927569,0.0
339,B081KWP56B,0.05736007172803046,0.46297737742264644,0.02692365803316922,0.5770044879818705,0.5156258121101271,0.07969361582927569,0.3139062187024485
340,B081QR9FFC,0.0,0.09036118620610482,0.10395790972411992,0.07243483696772683,0.3543356740174836,0.07969361582927569,0.0
341,B081QRMD13,0.06625467273419774,0.070897305368159,0.10319619033865801,0.08544964923090845,0.42885598051395935,0.07969361582927569,0.017686947462357678
342,B0828BF2N4,0.0,0.070897305368159,0.02692365803316922,0.059157449467552005,0.3543356740174836,0.07969361582927569,0.0
343,B082DC61S2,0.0,0.070897305368159,0.1967369804139849,0.041596347221857885,0.3543356740174836,0.1428742633987482,0.0
344,B082J6FMKW,0.17250205075089348,0.30027090072449736,0.3673546740081015,0.3134185840515275,0.46520574691935035,0.1852440900229088,0.17104325121452418
345,B082VVC4ZB,0.08775417944549832,0.070897305368159,0.02692365803316922,0.059157449467552005,0.3543356740174836,0.07969361582927569,0.0
346,B082VVCPYP,0.12726459091468453,0.070897305368159,0.02692365803316922,0.09282617962695336,0.40204952286634515,0.20082565780200476,0.0
347,B082VVDS19,0.10524341385345881,0.1117133470776238,0.0,0.08003960574891938,0.3543356740174836,0.12977961984902964,0.01873009761442835
348,B082VVRKTP,0.1257670193861895,0.08918815982992637,0.1717069412829695,0.06539605019728749,0.3543356740174836,0.07969361582927569,0.00839350106408683
349,B083F5FQVN,0.1872991914641896,0.42501406421143206,0.09879674533000246,0.412210462678069,0.4070021222031419,0.48080951191142207,0.43750228771062744
350,B083SL43LW,0.0,0.12444258441609712,0.09756425530808857,0.08959594152384198,0.3543356740174836,0.07969361582927569,0.03276189985948989
351,B083SLGSVK,0.0,0.12444258441609712,0.09756425530808857,0.08959594152384198,0.3543356740174836,0.07969361582927569,0.03276189985948989
352,B083XVMFDC,0.05553771030052468,0.070897305368159,0.02692365803316922,0.059157449467552005,0.41680201824517715,0.23827809420242327,0.0
353,B0846FWYLN,0.04955264465236451,0.070897305368159,0.14101389602234773,0.059157449467552005,0.3543356740174836,0.07969361582927569,0.0
354,B0846G2HMX,0.09779179828187155,0.070897305368159,0.02692365803316922,0.0882628852376434,0.3543356740174836,0.07969361582927569,0.0
355,B08496LDTN,0.0,0.23273627376558528,0.02692365803316922,0.33515568357253883,0.3543356740174836,0.07969361582927569,0.06188865024931409
356,B08496NK3Q,0.10971687182516125,0.6612918916508231,0.047974710749894296,0.3748191076546962,0.6628473071911465,0.1580160421274405,0.19038079941458208
357,B084DW23M5,0.22056393694954424,0.070897305368159,0.26673105434090894,0.2196246773300627,0.39568242362584644,0.44708080328951977,0.009813402848751786
358,B084K46K4T,0.039161869827542925,0.13924311478263487,0.02692365803316922,0.11355030686797815,0.3983832018685609,0.07969361582927569,0.0
359,B084WWBCNG,0.29901326330991895,0.09574691837495986,0.09249027888426035,0.08458438851437214,0.3543356740174836,0.20166701303494786,0.04561301466822236
360,B0852RH5CD,0.0,0.070897305368159,0.07235364707479455,0.08264797045246136,0.3543356740174836,0.19237798736863515,0.0
361,B0853BWTSN,0.0,0.070897305368159,0.02692365803316922,0.18417390152672086,0.3543356740174836,0.07969361582927569,0.0
362,B085WDK4Y4,0.07180425307280021,0.070897305368159,0.04070052836838363,0.07340468432465076,0.3543356740174836,0.13095176077667336,0.0
363,B085WDWJ9N,0.3286747499743113,0.09001755500555497,0.02692365803316922,0.052635960622407184,0.5022071650080114,0.12661913139073416,0.06141871896076926
364,B0861KCCKX,0.040801640756607936,0.070897305368159,0.02692365803316922,0.0753489850253411,0.3543356740174836,0.1379468898762443,0.010892159702233789
365,B0865LR99T,0.0,0.070897305368159,0.02692365803316922,0.059157449467552005,0.3543356740174836,0.07969361582927569,0.0
366,B086694C6G,0.056789719486455205,0.09567484639093869,0.02692365803316922,0.0816936206932861,0.38627294823025893,0.07969361582927569,0.0227403610230313
367,B086BFSL34,0.09015719356232652,0.6128583116746142,0.06152004786639225,0.8581897624261701,0.4219388726032426,0.07969361582927569,0.40915294214631404
368,B086N6FBH9,0.05919537237761856,0.070897305368159,0.02692365803316922,0.059157449467552005,0.3543356740174836,0.8403227883167995,0.0
369,B086N95H6B,0.046546237547121,0.070897305368159,0.08050779422314824,0.059157449467552005,0.3543356740174836,0.07969361582927569,0.0
370,B086RBKNZM,0.03558997367297369,0.070897305368159,0.1498374377576711,0.10152753411666539,0.3943656920805351,0.18131857263253212,0.0
371,B086X2MBZF,0.09327572524127692,0.09802830876683451,0.02692365803316922,0.09617255949540321,0.3543356740174836,0.07969361582927569,0.012450162258549955
372,B088WCR7GC,0.0,0.070897305368159,0.1539295253757502,0.059157449467552005,0.3543356740174836,0.07969361582927569,0.0
373,B088X8CLLX,0.12342816174834843,0.10679871344860575,0.3466279241350277,0.13875102899457278,0.5972820521725285,0.12374879595261211,0.008237409235181466
374,B0894TYCWP,0.0,0.070897305368159,0.02692365803316922,0.059157449467552005,0.3543356740174836,0.07969361582927569,0.0
375,B089PR8GSX,0.10623755442631828,0.070897305368159,0.16960806245200272,0.12239568357414378,0.4738269459621253,0.07969361582927569,0.0
376,B08BD4DFDS,0.030301576521787853,0.070897305368159,0.06180690292424807,0.07118218780188323,0.3543356740174836,0.07969361582927569,0.0
377,B08BX8TTVS,0.0,0.070897305368159,0.10486747314687453,0.07527843794408266,0.3543356740174836,0.31169146588608515,0.021689404370269515
378,B08CKLZ7W5,0.0,0.070897305368159,0.02692365803316922,0.059157449467552005,0.3543356740174836,0.07969361582927569,0.0240284129829104
379,B08D8LJYDG,0.0,0.070897305368159,0.02692365803316922,0.059157449467552005,0.3543356740174836,0.07969361582927569,0.0
380,B08DDTTMZY,0.0,0.070897305368159,0.04262264509938128,0.059157449467552005,0.3543356740174836,0.07969361582927569,0.0
381,B08DTX45DY,0.0,0.30303296862643103,0.02692365803316922,0.6450618825866148,0.4889818500182643,0.07969361582927569,0.09587238510804297
382,B08FN42SS8,0.042186683968633856,0.09543889029116431,0.07548906607265748,0.059157449467552005,0.3543356740174836,0.07969361582927569,0.0
383,B08FN4JBZJ,0.0,0.070897305368159,0.10164373497339182,0.09779301976782485,0.3543356740174836,0.07969361582927569,0.0
384,B08FTHY5HJ,0.0,0.070897305368159,0.02692365803316922,0.059157449467552005,0.3543356740174836,0.07969361582927569,0.0
385,B08G4K7R4X,0.0,0.08995839808444502,0.02692365803316922,0.09816531993460097,0.3543356740174836,0.07969361582927569,0.0
386,B08GCYDBSJ,0.1872991914641896,0.09813705604841078,0.02692365803316922,0.06844831823624982,0.3543356740174836,0.21339891452332446,0.0
387,B08GSHZMYM,0.1312699385145121,0.45272067246272035,0.04371457541789505,0.7971353681884403,0.6004133127253164,0.3295823804512769,0.22193919206747717
388,B08KFF4MSX,0.0,0.070897305368159,0.02692365803316922,0.08642407423046018,0.3543356740174836,0.1777924131286739,0.0
389,B08KH6FJ6R,0.0,0.070897305368159,0.02692365803316922,0.08333893218234799,0.3543356740174836,0.07969361582927569,0.0
390,B08KH9VGG8,0.604715080039628,0.08189060430080372,0.7375761675568704,0.5541004266287053,0.6093943999603755,0.4034547988171616,0.030268328846588685
391,B08KSJG8WJ,0.20048582692026562,0.070897305368159,0.20002346835049983,0.10888237068420833,0.3543356740174836,0.22281231892000752,0.0
392,B08KTB31HW,0.0,0.070897305368159,0.02692365803316922,0.059157449467552005,0.3543356740174836,0.07969361582927569,0.0
393,B08KWNCSFB,0.09681728842450042,0.070897305368159,0.02692365803316922,0.07836771330823028,0.3543356740174836,0.07969361582927569,0.0
394,B08KWP7T9K,0.0,0.1380350180755533,0.02692365803316922,0.12785495909422645,0.3543356740174836,0.07969361582927569,0.0
395,B08KWR5R95,0.0,0.13378569171709015,0.09329698920011845,0.09347716121537984,0.3543356740174836,0.07969361582927569,0.0
396,B08L5SWSQM,0.0,0.070897305368159,0.02692365803316922,0.059157449467552005,0.3543356740174836,0.07969361582927569,0.0
397,B08LFP63NP,0.1526861604947182,0.070897305368159,0.02692365803316922,0.08945308649327796,0.7550497321508499,0.07969361582927569,0.09510707653850259
398,B08LM39SV3,0.12427907484061909,0.070897305368159,0.07461377738372332,0.15162933090064376,0.3543356740174836,0.07969361582927569,0.0
399,B08LM39WF7,0.06395483969788286,0.070897305368159,0.07600696416735248,0.059157449467552005,0.3543356740174836,0.2623126838111116,0.0
400,B08LM4H7CP,0.07546862456747037,0.070897305368159,0.0848434279938078,0.07413176049429342,0.39677754869247933,0.07969361582927569,0.0
401,B08LNXYQ8Y,0.07194005167944267,0.2696859497328902,0.02692365803316922,0.26613305518286146,0.4757081254828713,0.07969361582927569,0.3360819333146406
402,B08MPVT6JM,0.0,0.17948812059383995,0.02692365803316922,0.2708025612834242,0.47430934486248444,0.15583846728766826,0.14237515335515136
403,B08N5NMXBC,0.03765495844844966,0.070897305368159,0.12807010005446565,0.0741002700830784,0.3543356740174836,0.07969361582927569,0.0
404,B08N5W5S34,0.038536560157131604,0.070897305368159,0.07128703510876233,0.10503546362251132,0.3543356740174836,0.07969361582927569,0.0
405,B08NB4KTVM,0.09783653704986847,0.20369944573525683,0.26469735823169244,0.2403407903631653,0.5377393099833941,0.312498739139967,0.034823801739332264
406,B08NK7TQ1T,0.0,0.070897305368159,0.10236864476826792,0.11767304945426639,0.3543356740174836,0.07969361582927569,0.0
407,B08PBV8BHL,0.0,0.13844538275235183,0.0937591935280897,0.11675528965349051,0.3543356740174836,0.07969361582927569,0.04649576600587569
408,B08Q6F41GG,0.06559454210513782,0.070897305368159,0.06467995223334802,0.059157449467552005,0.3543356740174836,0.17334418395298962,0.0
409,B08QZ61MKR,0.0,0.070897305368159,0.09054459405738062,0.08108846851882208,0.3543356740174836,0.07969361582927569,0.0
410,B08S41Y6Q7,0.0,0.16253074325759287,0.02692365803316922,0.18417390152672086,0.44291959252185453,0.07969361582927569,0.0420497227200932
411,B08VRGG5RZ,0.21407253078872385,0.26807623976221556,0.02692365803316922,0.2644570505133238,0.6352448024849485,0.2834505493041309,0.2952621375398566
412,B08WGLLCPP,0.0,0.23438590706960385,0.02692365803316922,0.2202485377443628,0.42457912955115795,0.07969361582927569,0.1833904881246083
413,B08WLB3ZJ7,0.0,0.070897305368159,0.02692365803316922,0.08234162841277916,0.3543356740174836,0.07969361582927569,0.0
414,B08WLCFDQK,0.0,0.1435589061243567,0.09881877606646279,0.10872393816810917,0.3543356740174836,0.07969361582927569,0.016671862556782574
415,B08WLRY4YT,0.0,0.11199377044521965,0.18957546733641448,0.12924286771720503,0.3543356740174836,0.07969361582927569,0.0
416,B08XKLPQDT,0.0,0.070897305368159,0.02692365803316922,0.059157449467552005,0.3543356740174836,0.07969361582927569,0.0
417,B08XWX3W5S,0.0,0.070897305368159,0.04131371141462118,0.06659812594716204,0.43869247896986974,0.07969361582927569,0.010010790665197866
418,B08XWX982S,0.0,0.11330126761724496,0.05489476280056431,0.059157449467552005,0.3543356740174836,0.07969361582927569,0.0
419,B08XZRLFXZ,0.0,0.070897305368159,0.02692365803316922,0.059157449467552005,0.3543356740174836,0.07969361582927569,0.029956826897593384
420,B08YD8GB4L,0.0,0.09277981437377852,0.11353036922316101,0.08154835038520827,0.3543356740174836,0.07969361582927569,0.04016671020098637
421,B08YG9YWX1,0.06553156994885029,0.109019490800731,0.02692365803316922,0.059157449467552005,0.3543356740174836,0.07969361582927569,0.0
422,B08YH7KBHP,0.0,0.11677891991787955,0.02692365803316922,0.13740340419034497,0.39869036917827777,0.07969361582927569,0.010527320671379113
423,B08YLH3MB2,0.5443710757706364,0.4491553850518085,0.3054486535754985,0.32918959359599226,0.3883514713945989,0.3387632420507346,0.04844067203033009
424,B08YP4JKMH,0.2363363253807012,0.18874223626153006,0.5062867141378724,0.30032304621003736,0.4302844105984657,0.4171154565778212,0.0721039070768611
425,B08YP4PPKM,0.2778462316558737,0.3941645664209337,0.2993946263961569,0.23067179378320787,0.38905890432365575,0.47637993469859347,0.12362025446936209
426,B08YP68DN5,0.40051759199378595,0.1582708754061118,0.44957737040476864,0.4565063496608111,0.504497126691406,0.4609113089481056,0.09800977861264687
427,B08YP71V36,0.3189862813792015,0.19847417019590344,0.40944214137581747,0.47055886054501755,0.4440310663406564,0.6489720480757979,0.06386598899900704
428,B08YYQNPXX,0.26399930992518483,0.09649369769960686,0.6009883760988523,0.16392172204629962,0.7007594575541343,0.5194298905179442,0.05872971837370144
429,B08Z2YH7GG,0.0,0.09277981437377852,0.11353036922316101,0.08154835038520827,0.3543356740174836,0.07969361582927569,0.04016671020098637
430,B08Z62C1WQ,0.0,0.1688187728350577,0.02692365803316922,0.17048684629310565,0.48055258775127657,0.23990823758929464,0.07489206724398345
431,B08Z89J8DF,0.0,0.070897305368159,0.02692365803316922,0.059157449467552005,0.3543356740174836,0.15553229850619457,0.0
432,B08ZHFYP3T,0.0,0.070897305368159,0.09296098719263027,0.059157449467552005,0.3543356740174836,0.1615929855127408,0.0
433,B08ZMR1GS5,0.04412511372131534,0.13507041188881333,0.5687576084194239,0.11168867134208829,0.9002652740451867,0.5836796897805098,0.011779373981521978
434,B08ZMS4BYX,0.0,0.11102393606267102,0.13279925376412816,0.09337318663498072,0.3543356740174836,0.07969361582927569,0.00920686669222073
435,B08ZMSXLPN,0.03517136612734399,0.070897305368159,0.02692365803316922,0.059157449467552005,0.39389486094795656,0.12990844032234763,0.009389135576434482
436,B091BVF2K2,0.0,0.070897305368159,0.02692365803316922,0.059157449467552005,0.3543356740174836,0.07969361582927569,0.0
437,B091MDVJ7S,0.0,0.070897305368159,0.02692365803316922,0.059157449467552005,0.3543356740174836,0.07969361582927569,0.011528967486481707
438,B09286JWWD,0.0,0.09366380521633025,0.147064157866542,0.09021802192209882,0.3543356740174836,0.07969361582927569,0.02089466526570281
439,B09288Q37D,0.0,0.12053820877369358,0.25613752989345606,0.0760888496302852,0.4503134271836405,0.07969361582927569,0.011389871818933212
440,B092SD2XQ7,0.06964279883951634,0.11141114768073633,0.02692365803316922,0.11443090577194633,0.3543356740174836,0.07969361582927569,0.018591421153760904
441,B092ZKSW26,0.0,0.0,0.02692365803316922,0.15588338032673593,0.3543356740174836,0.07969361582927569,0.01626705327770214
442,B094G1XS16,0.0,0.09934189376117362,0.02692365803316922,0.07856107331427961,0.5193234661248272,0.07969361582927569,0.0
443,B094MNQLYM,0.03275951908127258,0.070897305368159,0.02692365803316922,0.0786576549087238,0.3543356740174836,0.17323638554640802,0.008745283449019335
444,B094XXX5HW,0.0,0.070897305368159,0.02692365803316922,0.059157449467552005,0.3543356740174836,0.07969361582927569,0.0
445,B095HF9F2F,0.0,0.070897305368159,0.1428865144369933,0.10412820506241077,0.4393097859966978,0.07969361582927569,0.0
446,B095HRKBDT,0.028508455842878255,0.070897305368159,0.059742658256427376,0.09309694316814787,0.3543356740174836,0.07969361582927569,0.045662671620050554
447,B095XD38J5,0.0,0.1035377945237919,0.02692365803316922,0.15935390661055027,0.3543356740174836,0.07969361582927569,0.029956826897593384
448,B09642TX95,0.0,0.070897305368159,0.02692365803316922,0.059157449467552005,0.3543356740174836,0.07969361582927569,0.0
449,B096SCZRD6,0.03435508090788276,0.070897305368159,0.11920617120984171,0.11369069899336835,0.3543356740174836,0.07969361582927569,0.02751367500616154
450,B096SM1MTD,0.0,0.10325429743056046,0.1407571480413298,0.08858743659975338,0.3543356740174836,0.07969361582927569,0.05939327719743348
451,B096SMDLMD,0.0,0.10325429743056046,0.1407571480413298,0.08858743659975338,0.3543356740174836,0.07969361582927569,0.05939327719743348
452,B097B1NFH5,0.02955782176527337,0.08809220491349537,0.02692365803316922,0.06502224452540403,0.3543356740174836,0.07969361582927569,0.007890577661766677
453,B097B1TM45,0.0,0.08028608484689938,0.039309978580064665,0.07196665892899685,0.3543356740174836,0.07969361582927569,0.0
454,B097B1YJ1B,0.04191672394086654,0.070897305368159,0.02692365803316922,0.08410850953164954,0.3543356740174836,0.4387654121980981,0.0
455,B097B1ZWRX,0.04246963857957122,0.070897305368159,0.02692365803316922,0.0760109056138275,0.4498715918067399,0.14032832190909925,0.0
456,B097B25TYH,0.0,0.070897305368159,0.02692365803316922,0.059157449467552005,0.3543356740174836,0.07969361582927569,0.0
457,B097B2YRYV,0.031085480854026272,0.070897305368159,0.02692365803316922,0.059157449467552005,0.3543356740174836,0.07969361582927569,0.0
458,B097JTKJMB,0.07444499512252391,0.06007044012289271,0.09834136666589018,0.059157449467552005,0.3543356740174836,0.07969361582927569,0.0
459,B0983JCQS9,0.0,0.070897305368159,0.02692365803316922,0.059157449467552005,0.3543356740174836,0.07969361582927569,0.02208868024175079
460,B098BRY6TD,0.0,0.10673692964258687,0.055292909364413584,0.09827454709585594,0.3543356740174836,0.07969361582927569,0.013157173170348015
461,B098P53NDB,0.0368262602453403,0.070897305368159,0.02692365803316922,0.059157449467552005,0.3543356740174836,0.07969361582927569,0.0
462,B09926D5LG,0.08787637674882093,0.12201830753819608,0.06064482067153,0.16377482164426546,0.3543356740174836,0.07969361582927569,0.0
463,B099P53C5J,0.6122395552303436,0.868023654420857,0.015736172472753888,0.7186157756765854,0.6166670253504883,0.07969361582927569,0.5292335592620303
464,B099P716VY,0.14577132267389134,0.19809831851486615,0.015736172472753888,0.08229633810646546,0.3543356740174836,0.07969361582927569,0.02334853937920722
465,B09BF5XGZ9,0.05042208230903992,0.070897305368159,0.1043183482110736,0.09917598418652006,0.41104818760780043,0.07969361582927569,0.0
466,B09BTBF7RH,0.19930283552833664,0.3938785218021213,0.7480141526995496,0.39246708116496126,0.386359525050543,0.07969361582927569,0.1900167207413715
467,B09BTQ5434,0.0,0.12058672328107628,0.1252541800331302,0.11565060738236714,0.3543356740174836,0.07969361582927569,0.022802006488964577
468,B09C7WN24K,0.09106510839715982,0.12387331298499933,0.06186844575146556,0.059157449467552005,0.3543356740174836,0.07969361582927569,0.024310191589598167
469,B09CNSW4B1,0.07707312031426321,0.11573364587977258,0.02692365803316922,0.18149882054744354,0.3543356740174836,0.07969361582927569,0.04114994983756755
470,B09D3L71W6,0.0,0.070897305368159,0.02692365803316922,0.059157449467552005,0.3543356740174836,0.07969361582927569,0.0
471,B09DS438VR,0.05211994934857176,0.1315375853234044,0.02692365803316922,0.14188961390982568,0.41295787287156704,0.07969361582927569,0.06956813518400472
472,B09DT8W595,0.06141862601518204,0.070897305368159,0.02692365803316922,0.059157449467552005,0.3543356740174836,0.07969361582927569,0.0
473,B09DTRB4CB,0.0,0.070897305368159,0.02692365803316922,0.059157449467552005,0.3543356740174836,0.07969361582927569,0.03139472855053751
474,B09F9Z1NFL,0.0,0.070897305368159,0.02692365803316922,0.059157449467552005,0.3543356740174836,0.07969361582927569,0.0
475,B09F9ZJG2X,0.0,0.12582991724050646,0.02692365803316922,0.07789373285056403,0.3543356740174836,0.07969361582927569,0.012604029439067148
476,B09FPX4J56,0.0993820091012966,0.12871156775464498,0.02692365803316922,0.059157449467552005,0.3543356740174836,0.07969361582927569,0.0
477,B09FQ2NXJH,0.0993820091012966,0.12871156775464498,0.02692365803316922,0.059157449467552005,0.3543356740174836,0.07969361582927569,0.0
478,B09GB1TLRN,0.11212152898760615,0.10350996612377097,0.155998221213887,0.08696606956425873,0.38586300016748226,0.07969361582927569,0.07482821628894036
479,B09H7T28TP,0.07579404570913781,0.059874241723171184,0.02692365803316922,0.07419632980926283,0.3543356740174836,0.13379991197262145,0.0
480,B09HTT2TYC,0.0,0.14125665515638444,0.09654081076756987,0.059157449467552005,0.4903713188915994,0.07969361582927569,0.0
481,B09KBR6K7M,0.0,0.19168896633894633,0.02692365803316922,0.23082132340280986,0.43218352008691246,0.07969361582927569,0.027715078511240672
482,B09KHDQJWK,0.0,0.070897305368159,0.05444651030070031,0.08761997619907369,0.3543356740174836,0.07969361582927569,0.0
483,B09KW8T7LQ,0.0,0.070897305368159,0.02692365803316922,0.06772653457579182,0.3543356740174836,0.2030116943056455,0.0
484,B09L6P6PH2,0.0,0.070897305368159,0.02692365803316922,0.059157449467552005,0.3543356740174836,0.07969361582927569,0.0
485,B09M7FH2FG,0.0,0.070897305368159,0.02692365803316922,0.10368920819777346,0.3543356740174836,0.07969361582927569,0.0
486,B09MCLTNJ2,0.0,0.070897305368159,0.09589252704008025,0.11265013234805658,0.3543356740174836,0.07969361582927569,0.011994967838923586
487,B09MDVWW5S,0.0,0.070897305368159,0.365711086909077,0.18281186482546527,0.47116075287549625,0.07969361582927569,0.04159159689201994
488,B09MG2X5ZZ,0.6300670306875351,0.070897305368159,0.02692365803316922,0.059157449467552005,0.3543356740174836,0.9792522297964488,0.0
489,B09MJ5PYQ5,0.0,0.070897305368159,0.02692365803316922,0.0,0.3543356740174836,0.07969361582927569,0.0
490,B09MSB2FRH,0.0,0.070897305368159,0.02692365803316922,0.1711538239498375,0.3543356740174836,0.07969361582927569,0.021525927942470952
491,B09MSBV169,0.0993820091012966,0.070897305368159,0.02692365803316922,0.059157449467552005,0.4661161337621972,0.07969361582927569,0.0
492,B09MSFN9CS,0.4445531106351441,0.14632618702551237,0.7803636608018458,0.41933687574205225,0.81268142736202,0.502824870717473,0.0
493,B09MSG7M4S,0.6027948024874958,0.13664764311421274,0.3016077541472955,0.32826905771983317,0.7357088514088489,0.6175820771178311,0.08045923073947632
494,B09MSL6TVC,0.0,0.070897305368159,0.02692365803316922,0.059157449467552005,0.3543356740174836,0.07969361582927569,0.0
495,B09MZR5PLK,0.07517934926996109,0.070897305368159,0.02692365803316922,0.06910205859227926,0.3543356740174836,0.07969361582927569,0.013379616822162753
496,B09MZRBLFV,0.07693290938746296,0.10446338626426735,0.20405434404987863,0.08968715157786565,0.3543356740174836,0.3542900395682325,0.020537545056200143
497,B09MZRD6DY,0.03865561847800185,0.070897305368159,0.08625757441932083,0.059157449467552005,0.3543356740174836,0.07969361582927569,0.0
498,B09NNRJPDS,0.06008171477781332,0.070897305368159,0.02692365803316922,0.09492127672394819,0.3543356740174836,0.07969361582927569,0.0
499,B09NSZBRRP,0.0,0.09781919762693271,0.11571666568694271,0.09588726699302963,0.30228378630565833,0.07969361582927569,0.012354203123401467
500,B09NTPXH26,0.035665961518661325,0.070897305368159,0.02692365803316922,0.059157449467552005,0.3543356740174836,0.07969361582927569,0.0
501,B09NTRH1NW,0.0,0.070897305368159,0.02692365803316922,0.059157449467552005,0.3543356740174836,0.16603267588328263,0.0
502,B09PZYJ329,1.0,0.1766677980893917,0.02692365803316922,0.5371637305038682,0.81446291746006,0.2743825580342675,0.7037877209823712
503,B09Q3MRSM2,0.07153873509849841,0.8408077340753896,0.054375510401802996,0.5133830939768104,0.7164218048001322,0.33503662798445494,0.23871936064925495
504,B09Q97HZV4,0.06359886834390079,0.070897305368159,0.02692365803316922,0.08439573202506517,0.3543356740174836,0.17049492278687198,0.0
505,B09Q99LJ66,0.07098133586410332,0.070897305368159,0.1358754951260045,0.1014093100154713,0.3543356740174836,0.07969361582927569,0.009474374458636152
506,B09QS27PTJ,0.662006462657657,0.27358894935219785,0.1205152998527427,0.4877856413555949,0.6286602948115839,0.47765536107125856,0.46506644427620414
507,B09T75JY39,0.15751675767188378,0.070897305368159,0.02692365803316922,0.059157449467552005,0.3543356740174836,0.07969361582927569,0.0210248613600466
508,B09T75MCRL,0.15751675767188378,0.070897305368159,0.02692365803316922,0.059157449467552005,0.3543356740174836,0.07969361582927569,0.0210248613600466
509,B09T75Y3HN,0.19594271055809034,0.05949857899568429,0.2675313391410691,0.08248455082763946,0.3543356740174836,0.3034945062637655,0.020923073252064207
510,B09T76CBVJ,0.08503627843612886,0.09563171030892453,0.05955497809205077,0.08446650384260762,0.40215818427123307,0.07969361582927569,0.0
511,B09V8WN7DC,0.0,0.08628702937332536,0.08783319001905089,0.11164835064974947,0.3543356740174836,0.07969361582927569,0.0
512,B09VMHGQFG,0.36060877357958376,0.1158501029687553,0.2542587538230322,0.24314615693942845,0.4122780591105694,0.3738924529563364,0.034380693302488365
513,B09VQ2BHMR,0.0,0.070897305368159,0.02692365803316922,0.059157449467552005,0.3543356740174836,0.07969361582927569,0.0
514,B09VQW3V3W,0.29403732298078183,0.1686416476056461,0.4782522519884815,0.1341688620667318,0.3543356740174836,0.4395244553601759,0.05606744905587242
515,B09VQY7WZ4,0.0,0.070897305368159,0.06874395966790059,0.059157449467552005,0.3543356740174836,0.07969361582927569,0.0
516,B09VR4LCJR,0.0,0.070897305368159,0.02692365803316922,0.059157449467552005,0.3543356740174836,0.07969361582927569,0.0
517,B09VT1RV9R,0.08716044179056785,0.070897305368159,0.1272629599704405,0.11103997304925482,0.3543356740174836,0.07969361582927569,0.0
518,B09VT936MM,0.3793381510317723,0.1260661321892229,0.3908361211755771,0.20969225755274365,0.6743326732567144,0.2150906786602932,0.0759493670886076
519,B09VT97LF7,0.0,0.22920584239166622,0.46783229201770654,0.2631404334623882,0.4903713188915994,0.07969361582927569,0.04843086569987917
520,B09W8LWC46,0.0,0.070897305368159,0.02692365803316922,0.059157449467552005,0.3543356740174836,0.07969361582927569,0.0
521,B09W8VQ7QP,0.0,0.070897305368159,0.02692365803316922,0.059157449467552005,0.3543356740174836,0.07969361582927569,0.0
522,B09WB3DTTQ,0.0,0.070897305368159,0.02692365803316922,0.08720271430023882,0.3543356740174836,0.07969361582927569,0.0
523,B09WB53LSP,0.0459367728734727,0.0976204584228371,0.09743368343284965,0.09561612503051727,0.4060033112228405,0.07969361582927569,0.0
524,B09WBF4NYJ,0.0,0.070897305368159,0.10117846293029327,0.059157449467552005,0.3543356740174836,0.17178428325100414,0.0
525,B09WBH8HDX,0.07218982276105856,0.070897305368159,0.02692365803316922,0.07348118817598705,0.3543356740174836,0.07969361582927569,0.009635679641903344
526,B09WBNJTWS,0.0,0.070897305368159,0.14649569175407787,0.10037558792018977,0.3543356740174836,0.07969361582927569,0.0
527,B09WN186LK,0.0,0.09498813200777897,0.0745970593001337,0.11667533868241131,0.3543356740174836,0.07969361582927569,0.011055053740493393
528,B09WN1GDD2,0.07289189186567852,0.070897305368159,0.27866360093972503,0.059157449467552005,0.3543356740174836,0.07969361582927569,0.038917558827353975
529,B09WN36G4G,0.04817645884492389,0.09892336821091385,0.08238450874712759,0.11651182286805918,0.5710826191539593,0.07969361582927569,0.012860896618281721
530,B09WN4F8NG,0.0,0.070897305368159,0.02692365803316922,0.059157449467552005,0.3543356740174836,0.07969361582927569,0.0
531,B09WR3KVWM,0.0,0.1260661321892229,0.02692365803316922,0.09679115148884991,0.3543356740174836,0.07969361582927569,0.0
532,B09WYHCCSM,0.0,0.11090978285493945,0.09730659021996176,0.1592380877436408,0.40591018111861016,0.07969361582927569,0.012240899700778315
533,B09X17V39R,0.5680646634034637,0.10902784033754907,0.02692365803316922,0.4319809608985943,0.5509307033753421,0.6411805355104785,0.43161101452182504
534,B09XBNC8GH,0.6588030572727184,0.3583352417608674,0.12172560821103966,0.6228796369694297,0.7248318497795743,0.6087730059893665,0.5825696633926507
535,B09YDB8Y8F,0.24567450406072816,0.070897305368159,0.02692365803316922,0.24195558857320448,0.561578483303056,0.2550706833444458,0.24593918437242884
536,B09Z6PM8V9,0.10024291346013281,0.15836992974320263,0.02692365803316922,0.24811215009084608,0.46708444066097254,0.15125296737464158,0.04014036453600721
537,B09Z6QCL7Z,0.05703448569058032,0.070897305368159,0.02692365803316922,0.17232396507264872,0.3543356740174836,0.07969361582927569,0.060902327961010624
538,B09Z6RLBH1,0.17455390573073892,0.1724418947537162,0.02692365803316922,0.15440255759551827,0.45250090537706394,0.07969361582927569,0.10484517805843134
539,B09Z6SXT97,0.0,0.10289266515582271,0.02692365803316922,0.10280905149340534,0.41619681137584186,0.07969361582927569,0.029364739300172308
540,B09ZPGC5Z9,0.039296625794038816,0.3909419127519978,0.7658169757792372,0.4880004887738156,0.3543356740174836,0.5285299016358621,0.24127896984829522
541,B0B21FMCZT,0.059604454362904215,0.2442680992926357,0.32426306210002814,0.28386244738117583,0.3543356740174836,0.24989042899836217,0.0
542,B0B24PGR29,0.05311877721315914,0.070897305368159,0.02692365803316922,0.059157449467552005,0.3543356740174836,0.15553229850619457,0.0
543,B0B28P878G,0.0,0.070897305368159,0.02692365803316922,0.059157449467552005,0.3543356740174836,0.07969361582927569,0.0
544,B0B5BDBX8G,0.047841352977980735,0.4605329730918796,0.02692365803316922,0.3059643032030454,0.3543356740174836,0.2163016244350434,0.05108575511613085
545,B0B5BDF7RW,0.047841352977980735,0.4605329730918796,0.02692365803316922,0.3059643032030454,0.3543356740174836,0.2163016244350434,0.05108575511613085
546,B0B5HMR5MW,0.3622584096059019,0.2816366829885041,1.0,0.94223593039346,0.6453729117451676,0.2274659534066838,0.22104301285009628
547,B0B5QX8NPM,0.0,0.070897305368159,0.02692365803316922,0.059157449467552005,0.3543356740174836,0.07969361582927569,0.0
548,B0B6BF1H4T,0.07430228273252022,0.070897305368159,0.08394829771731273,0.09601466986908877,0.3543356740174836,0.07969361582927569,0.0
549,B0B6DQ3P2X,0.0,0.070897305368159,0.02692365803316922,0.059157449467552005,0.3543356740174836,0.07969361582927569,0.0
550,B0B71WTTC4,0.10314998695428215,0.34092537274065193,0.858149180901726,0.5571825104402268,0.5863727010141625,0.2760525316821351,0.2386479143913086
551,B0B723C8J5,0.10314998695428215,0.34092537274065193,0.858149180901726,0.5571825104402268,0.5863727010141625,0.2760525316821351,0.2386479143913086
552,B0B77XZR88,0.0,0.070897305368159,0.02692365803316922,0.059157449467552005,0.3543356740174836,0.17428666493484077,0.0
553,B0B7SJK7CZ,0.0,0.070897305368159,0.02692365803316922,0.07353792219044775,0.43585317689055586,0.07969361582927569,0.019347690023883708
554,B0B87P8967,0.0,0.070897305368159,0.02692365803316922,0.059157449467552005,0.3543356740174836,0.07969361582927569,0.0
555,B0B9SCTQ64,0.0,0.070897305368159,0.02692365803316922,0.059157449467552005,0.3543356740174836,0.07969361582927569,0.0
556,B0BB2JRJK5,0.0,0.070897305368159,0.02692365803316922,0.059157449467552005,0.3543356740174836,0.07969361582927569,0.0
557,B0BBDHC2MD,0.0,0.070897305368159,0.02692365803316922,0.09859574911258669,0.4661161337621972,0.07969361582927569,0.0
558,B0BCWGYJQF,0.19717483396572577,1.0,0.10258636615044756,0.4973347959151926,0.8865920159470133,0.36120385476031064,0.557947995583093
559,B0BF9X73JT,0.0,0.070897305368159,0.02692365803316922,0.059157449467552005,0.3543356740174836,0.20515638061220112,0.0
560,B0BH8F5FX8,0.05805715894543794,0.2904285568667857,0.0937591935280897,0.174353129839429,0.3543356740174836,0.07969361582927569,0.03099717733725046
561,B0BH8P2HHS,0.0,0.32975324186737054,0.02692365803316922,0.22102237869465954,0.3543356740174836,0.07969361582927569,0.01979775906581116
562,B0BHTFJ6VX,0.0,0.16253074325759287,0.02692365803316922,0.059157449467552005,0.3543356740174836,0.07969361582927569,0.0
563,B0BJ1423G9,0.0,0.070897305368159,0.02692365803316922,0.059157449467552005,0.3543356740174836,0.07969361582927569,0.0
564,B0BKB2KLM2,0.0,0.070897305368159,0.02692365803316922,0.059157449467552005,0.3543356740174836,0.07969361582927569,0.0
565,B0BKL9CGL8,0.10825666197570809,0.21259551627755044,0.4423413891946762,0.3545079726278384,0.5065385168094144,0.07969361582927569,0.19507192841097956
566,B0BM54M3TS,0.17186945697550968,0.0908938942309924,0.13244713318151255,0.11372055766248274,0.39299789686953923,0.07969361582927569,0.05505747921699262
567,B0BNQLW3X9,0.0,0.070897305368159,0.02692365803316922,0.059157449467552005,0.0,0.07969361582927569,0.0
568,B0BNQZMV4Y,0.12717845462977484,0.14488180832159822,0.3441412746857946,0.10962636277930823,0.3543356740174836,0.07969361582927569,0.016975396244162767
569,B0BQJQGK3K,0.0,0.10988660993716755,0.4641412128579916,0.37831853112552877,0.5051027065782647,0.3667599334214497,0.0
570,B0BQJQW12P,0.2543569092595497,0.033905053891439385,0.66135889133842,0.17271250441900352,0.3543356740174836,0.17048115810744252,0.016975396244162767
571,B0BRQDG9LY,0.0,0.03790352658946214,0.20103426354123433,0.17169183805817695,0.41812719549264454,0.16066798116825862,0.0302810694673778
572,B0BRQHRMCT,0.050121456730066405,0.12921238828485476,0.10385690706309395,0.13871732341420212,0.3543356740174836,0.07969361582927569,0.013380121512002402
573,B0BRQRG69J,0.0,0.070897305368159,0.02692365803316922,0.059157449467552005,0.3543356740174836,0.3634727631459708,0.0
574,B0BRQRKW5K,0.1325093454683955,0.070897305368159,0.02692365803316922,0.07230354934923022,0.3543356740174836,0.07969361582927569,0.0
575,B0BRQTPTK5,0.0,0.070897305368159,0.07428031714796977,0.059157449467552005,0.3543356740174836,0.07969361582927569,0.010981603946247679
576,B0BS72CCY3,0.31503351534376756,0.070897305368159,0.02692365803316922,0.059157449467552005,0.3543356740174836,0.07969361582927569,0.0
577,B0BS72FRX7,0.0,0.070897305368159,0.02692365803316922,0.059157449467552005,0.3543356740174836,0.18755630084831437,0.0
578,B0BS72JJK7,0.0,0.070897305368159,0.07907451694349989,0.059157449467552005,0.3543356740174836,0.07969361582927569,0.012093337847620782
579,B0BS735M1G,0.0,0.10336923052296752,0.02692365803316922,0.059157449467552005,0.3543356740174836,0.0,0.014901061014374153
580,B0BS73GH5D,0.0,0.070897305368159,0.02692365803316922,0.07115644852607178,0.3543356740174836,0.07969361582927569,0.0
581,B0BS73RHWX,0.0,0.070897305368159,0.02692365803316922,0.059157449467552005,0.3543356740174836,0.07969361582927569,0.0
582,B0BSV7TVJR,0.17106692114798921,0.070897305368159,0.0761568167343134,0.12704286008257948,0.45053990286107937,0.2018113548860205,0.0
583,B0BV2WJZ3N,0.03781498722804005,0.09289570944062205,0.15752175999135506,0.059157449467552005,0.3543356740174836,0.07969361582927569,0.0
584,B0BV2ZD1MW,0.0,0.070897305368159,0.02692365803316922,0.059157449467552005,0.3543356740174836,0.07969361582927569,0.0
585,B0BW8SW3SD,0.0,0.070897305368159,0.02692365803316922,0.059157449467552005,0.3543356740174836,0.07969361582927569,0.0
586,B0BW8V2HSN,0.09442848715357373,0.070897305368159,0.08127680430764984,0.07789373285056403,0.3543356740174836,0.28191962088669187,0.012604029439067148
587,B0BWR11RZ2,0.0,0.070897305368159,0.02692365803316922,0.059157449467552005,0.3543356740174836,0.07969361582927569,0.0
588,B0BWR21CQC,0.0,0.070897305368159,0.02692365803316922,0.059157449467552005,0.3543356740174836,0.07969361582927569,0.0
589,B0BWR28JSW,0.0,0.070897305368159,0.11759048568760125,0.059157449467552005,0.3543356740174836,0.07969361582927569,0.0
590,B0BXC1JKMG,0.15414624062852642,0.09331547562396579,0.38183067463791415,0.10503546362251132,0.3543356740174836,0.07969361582927569,0.0
591,B0BY33VD9P,0.07064432023739266,0.19418670059934096,0.1624668324525403,0.6198407954647762,0.7516236070094472,0.583994775088927,0.09429390630042367
592,B0BYF334CK,0.0,0.070897305368159,0.02692365803316922,0.059157449467552005,0.3543356740174836,0.07969361582927569,0.0
593,B0BZ1WZZB3,0.288522265091033,0.15481944625240185,0.02692365803316922,0.2995987331609126,0.4841424739810035,0.16207935456591246,0.15404432423530942
594,B0C1GZZ6RZ,0.06141862601518204,0.3924630829945619,0.26260787186944334,0.15664979032389997,0.3543356740174836,0.07969361582927569,0.0
595,B0C1L89ZDR,0.0,0.070897305368159,0.02692365803316922,0.059157449467552005,0.3543356740174836,0.07969361582927569,0.05306084238707303
596,B0C2Z6XJMW,0.0,0.070897305368159,0.02692365803316922,0.13170189761193996,0.3543356740174836,0.07969361582927569,0.06506821311080856
597,B0C4TH74KS,0.0,0.070897305368159,0.02692365803316922,0.059157449467552005,0.3543356740174836,0.07969361582927569,0.0
598,B0C668XCZQ,0.0,0.070897305368159,0.02692365803316922,0.09115641360534786,0.5357257924998231,0.19481823884512214,0.0
599,B0C789YV6X,0.4267554199107439,0.4984557132314045,0.02692365803316922,0.4449028951858557,0.5676670068436375,0.553583335737837,0.4556962025316456
600,B0C7MCTB5K,0.17640529577998465,0.17351891816121973,0.04948790070128315,0.37417484945620416,0.7511613216775208,0.16364600800314302,0.04709209282580626
601,B0C7MDVP2G,0.17640529577998465,0.17351891816121973,0.04948790070128315,0.37417484945620416,0.7511613216775208,0.16364600800314302,0.04709209282580626
602,B0C99HYHGF,0.0,0.070897305368159,0.02692365803316922,0.059157449467552005,0.4252028088209804,0.07969361582927569,0.05045966726411184
603,B0C99KSRF4,0.08513407576925046,0.070897305368159,0.02692365803316922,0.059157449467552005,0.3543356740174836,0.07969361582927569,0.0
604,B0C9QT2QX6,0.06484865125239023,0.22179692886415836,0.02692365803316922,0.18782865277666036,0.3543356740174836,0.17227926147809633,0.173116044555415
605,B0C9YLWBXH,0.0993820091012966,0.12871156775464498,0.02692365803316922,0.09859574911258669,0.5778965935069109,0.07969361582927569,0.05306084238707303
606,B0CBT2534K,0.0,0.070897305368159,0.02692365803316922,0.059157449467552005,0.453175110677199,0.07969361582927569,0.0
607,B0CCF2B381,0.2370863443948577,0.7467154339261922,0.02692365803316922,1.0,0.9943296724959452,0.2150906786602932,1.0
608,B0CJHJ6D74,0.0,0.070897305368159,0.02692365803316922,0.059157449467552005,0.3543356740174836,0.5294729228128622,0.0420497227200932
609,B0CKH3BH19,0.0,0.070897305368159,0.02692365803316922,0.1129991047429422,0.3543356740174836,0.07969361582927569,0.0
610,B0CKYD431D,0.1987640182025932,0.070897305368159,0.02692365803316922,0.059157449467552005,0.3543356740174836,0.07969361582927569,0.0
611,B0CL3GQ5VP,0.31503351534376756,0.070897305368159,0.02692365803316922,0.059157449467552005,0.3543356740174836,0.07969361582927569,0.0
612,B0CL3VMWJR,0.9451005460313028,0.070897305368159,0.02692365803316922,0.059157449467552005,0.3543356740174836,0.07969361582927569,0.1681988908803728
613,B0CL56DM4L,0.5962920546077797,0.070897305368159,0.02692365803316922,0.059157449467552005,0.3543356740174836,0.07969361582927569,0.10612168477414606
614,B0CL56VDZV,0.0,0.070897305368159,0.02692365803316922,0.059157449467552005,0.5778965935069109,0.07969361582927569,0.0
615,B0CL9VMF6K,0.0,0.070897305368159,0.02692365803316922,0.059157449467552005,0.3543356740174836,0.07969361582927569,0.0
616,B0CLY65M7V,0.0,0.070897305368159,0.02692365803316922,0.059157449467552005,0.3543356740174836,0.07969361582927569,0.0
